method,punctuality_prob,objective_gap,tie_aware_correct,path_length,mean_time,late_count,delay_sum,max_delay,solve_time,correct,repeat,od_idx,origin,dest,alpha
ILP,0.9299999999999999,0.0,True,8,324.1812914651444,35,5792.159399853128,1537.851020137212,0.49365782737731934,True,0,2,46,51,0.5
MILP,0.914,0.015999999999999903,False,8,346.7371313028325,43,4464.750695214954,411.71606000567635,0.24425077438354492,False,0,2,46,51,0.5
Dijkstra,0.9299999999999999,0.0,True,8,324.1812914651442,35,5792.15939985313,1537.851020137212,0.00029341499975998886,False,0,2,46,51,0.5
ILP,0.966,0.0,True,8,324.1812914651442,17,3425.5374913119135,1455.5078081360762,0.3314950466156006,True,0,2,46,51,0.6
MILP,0.962,0.0040000000000000036,False,8,346.7371313028326,19,1993.533307643761,329.3728480045413,0.19750452041625977,False,0,2,46,51,0.6
Dijkstra,0.966,0.0,True,8,324.1812914651442,17,3425.5374913119153,1455.5078081360766,0.00030884600164426956,False,0,2,46,51,0.6
ILP,0.992,0.0,True,8,324.1812914651442,4,1775.85844671681,1290.821384133806,0.1950852870941162,True,0,2,46,51,0.8
MILP,0.99,0.0020000000000000018,False,8,346.73713130283255,5,415.47159516052875,164.686424002271,0.1133732795715332,False,0,2,46,51,0.8
Dijkstra,0.992,0.0,True,8,324.1812914651442,4,1775.85844671681,1290.821384133806,0.00032086300052469596,True,0,2,46,51,0.8
ILP,0.998,0.0,True,7,293.4275504823176,1,339.374380815093,339.374380815093,0.09529757499694824,True,0,5,32,24,0.9
MILP,0.996,0.0020000000000000018,False,10,463.63735449752306,2,132.32890885326515,118.99309035587339,0.24929404258728027,False,0,5,32,24,0.9
Dijkstra,0.998,0.0,True,7,293.4275504823176,1,339.374380815093,339.374380815093,0.00028205199851072393,True,0,5,32,24,0.9
ILP,0.964,0.0,True,8,365.1953025582095,18,3396.438361731035,1409.632900463977,0.36179685592651367,True,0,18,48,44,0.5
MILP,0.962,0.0020000000000000018,False,8,387.7511423958978,19,3304.574571954876,566.0213844241481,0.14949965476989746,False,0,18,48,44,0.5
Dijkstra,0.964,0.0,True,8,365.1953025582095,18,3396.438361731035,1409.632900463977,0.0002831960009643808,True,0,18,48,44,0.5
ILP,0.988,0.0,True,8,365.1953025582095,6,2310.8052600644423,1296.4286235791471,0.1682131290435791,True,0,18,48,44,0.6
MILP,0.978,0.010000000000000009,False,8,387.7511423958978,11,1674.6057066365915,452.81710753931884,0.1129918098449707,False,0,18,48,44,0.6
Dijkstra,0.988,0.0,True,8,365.1953025582095,6,2310.8052600644423,1296.4286235791471,0.00030749600045965053,True,0,18,48,44,0.6
ILP,0.996,0.0,True,7,365.19530255820905,2,1376.1361449093367,1070.0200698094877,0.117431640625,True,0,18,48,44,0.8
MILP,0.994,0.0020000000000000018,False,8,387.7511423958978,3,469.41433951181557,226.4085537696592,0.0938262939453125,False,0,18,48,44,0.8
Dijkstra,0.996,0.0,True,8,365.1953025582095,2,1376.136144909337,1070.0200698094877,0.00029359700056375004,False,0,18,48,44,0.8
ILP,0.99,0.0,True,12,605.4513025832856,5,1780.125257351063,1044.8588617947955,0.18607354164123535,True,0,19,26,21,0.5
MILP,0.98,0.010000000000000009,False,17,798.7947358631501,10,1569.171875177224,868.4890641418554,0.11289858818054199,False,0,19,26,21,0.5
Dijkstra,0.99,0.0,True,12,605.4513025832856,5,1780.125257351063,1044.8588617947955,0.0003288269999757176,True,0,19,26,21,0.5
ILP,0.976,0.0,True,12,649.0036596024723,12,3662.127239163581,661.989182018443,0.26906466484069824,True,1,7,26,53,0.5
MILP,0.954,0.02200000000000002,False,14,759.634535879018,23,3542.7066707313247,873.4048104412886,0.4408149719238281,False,1,7,26,53,0.5
Dijkstra,0.976,0.0,True,12,649.0036596024723,12,3662.127239163581,661.989182018443,0.0003012609995494131,True,1,7,26,53,0.5
ILP,0.982,0.0,True,12,649.0036596024723,9,2353.6669857418888,534.4468875758421,0.24920034408569336,True,1,7,26,53,0.6
MILP,0.98,0.0020000000000000018,False,14,759.634535879018,10,1585.5210032142254,745.8625159986875,0.1615595817565918,False,1,7,26,53,0.6
Dijkstra,0.982,0.0,True,12,649.0036596024723,9,2353.6669857418888,534.4468875758421,0.00033050099955289625,True,1,7,26,53,0.6
ILP,0.984,0.0,True,10,627.4491549772204,8,2040.2554762802285,524.2285493666648,0.18378949165344238,True,1,10,55,53,0.6
MILP,0.98,0.0040000000000000036,False,12,738.0800312537663,10,1535.139530362316,610.4199103085016,0.15132570266723633,False,1,10,55,53,0.6
Dijkstra,0.984,0.0,True,10,627.4491549772204,8,2040.2554762802285,524.2285493666648,0.000299869001537445,True,1,10,55,53,0.6
ILP,0.986,0.0,True,2,138.20048593511473,7,1840.0851177024301,1104.421047757418,0.21665287017822266,True,1,15,49,12,0.6
MILP,0.968,0.018000000000000016,False,5,260.6088077824787,16,1564.32938485974,291.53353709887654,0.6290171146392822,False,1,15,49,12,0.6
Dijkstra,0.986,0.0,True,2,138.20048593511473,7,1840.0851177024301,1104.421047757418,0.0002843980000761803,True,1,15,49,12,0.6
ILP,0.99,0.0,True,2,138.20048593511476,5,1441.2325563413065,1031.537663482699,0.2397000789642334,True,1,15,49,12,0.7
MILP,0.986,0.0040000000000000036,False,6,260.60880778247883,7,740.5271370541669,218.6501528241571,0.5802757740020752,False,1,15,49,12,0.7
Dijkstra,0.99,0.0,True,2,138.20048593511473,5,1441.2325563413065,1031.537663482699,0.00032432299849460833,False,1,15,49,12,0.7
ILP,0.994,0.0,True,2,138.20048593511473,3,1141.5770843331416,958.6542792079798,0.16540813446044922,True,1,15,49,12,0.8
MILP,0.992,0.0020000000000000018,False,6,260.6088077824788,4,385.375476457996,145.7667685494382,0.39748120307922363,False,1,15,49,12,0.8
Dijkstra,0.994,0.0,True,2,138.20048593511473,3,1141.5770843331416,958.6542792079798,0.0002860750009858748,True,1,15,49,12,0.8
ILP,0.996,0.0,True,2,138.20048593511473,2,994.4073973778551,885.7708949332607,0.14408612251281738,True,1,15,49,12,0.9
MILP,0.994,0.0020000000000000018,False,6,260.6088077824788,3,116.79706396757263,72.8833842747191,0.35743069648742676,False,1,15,49,12,0.9
Dijkstra,0.996,0.0,True,2,138.20048593511473,2,994.4073973778551,885.7708949332607,0.0003869159991154447,True,1,15,49,12,0.9
ILP,0.996,0.0,True,11,574.7920458543377,2,608.4580559703168,576.4115782220028,0.1018068790435791,True,2,4,54,29,0.7
MILP,0.992,0.0040000000000000036,False,11,586.3906636319014,4,453.1227048071869,365.8478984330029,0.09708809852600098,False,2,4,54,29,0.7
Dijkstra,0.996,0.0,True,11,574.7920458543377,2,608.4580559703168,576.4115782220028,0.0002876189992093714,True,2,4,54,29,0.7
ILP,0.976,0.0,True,10,698.6511710292039,12,2434.3000872902694,403.91822062657116,0.2537040710449219,True,2,10,55,53,0.7
MILP,0.972,0.0040000000000000036,False,12,788.4308015618878,14,2412.163227454327,441.42688432495515,0.13875484466552734,False,2,10,55,53,0.7
Dijkstra,0.976,0.0,True,10,698.6511710292039,12,2434.3000872902694,403.91822062657116,0.00033197999982803594,True,2,10,55,53,0.7
ILP,0.988,0.0,True,10,698.6511710292039,6,1217.0260724101533,269.27881375104744,0.13334321975708008,True,2,10,55,53,0.8
MILP,0.986,0.0020000000000000018,False,12,788.4308015618878,7,984.0826471639612,306.78747744943144,0.09157419204711914,False,2,10,55,53,0.8
Dijkstra,0.988,0.0,True,10,698.6511710292039,6,1217.0260724101533,269.27881375104744,0.0002845529998012353,True,2,10,55,53,0.8
ILP,0.964,0.0,True,5,229.33636775669265,18,2118.783525164924,312.585449304818,1.369020700454712,True,2,16,32,2,0.6
MILP,0.958,0.006000000000000005,False,5,239.58754912965264,21,1368.0738467203437,220.4402258818278,0.3593251705169678,False,2,16,32,2,0.6
Dijkstra,0.964,0.0,True,5,229.33636775669265,18,2118.783525164924,312.585449304818,0.0003424120004638098,True,2,16,32,2,0.6
ILP,0.998,0.0,True,9,433.25967448552507,1,339.8167428223328,339.8167428223328,0.14481711387634277,True,2,17,35,10,0.9
MILP,0.994,0.0040000000000000036,False,14,694.7947841486289,3,134.07528057910326,100.69539162208889,0.19971203804016113,False,2,17,35,10,0.9
Dijkstra,0.998,0.0,True,9,433.25967448552507,1,339.8167428223328,339.8167428223328,0.0003435870003158925,True,2,17,35,10,0.9
ILP,0.996,0.0,True,12,748.3863110556878,2,396.7527696344814,322.0057111965764,0.18264031410217285,True,2,19,26,21,0.9
MILP,0.992,0.0040000000000000036,False,14,809.5850461130783,4,292.7799807355675,148.2465110787275,0.10878539085388184,False,2,19,26,21,0.9
Dijkstra,0.994,0.0020000000000000018,False,13,735.6433727068869,3,324.4492665263783,138.4586369689996,0.0003063709991693031,False,2,19,26,21,0.9
ILP,0.944,0.0,True,8,405.3619364360182,28,5016.466977730122,1180.122300971728,0.539884090423584,True,3,2,46,51,0.5
MILP,0.914,0.029999999999999916,False,10,464.9466131451364,43,4719.092561350693,479.4017444670792,0.36139559745788574,False,3,2,46,51,0.5
Dijkstra,0.944,0.0,True,8,405.36193643601814,28,5016.466977730119,1180.122300971728,0.00045990599937795196,False,3,2,46,51,0.5
ILP,0.968,0.0,True,8,405.36193643601814,16,2931.610037330388,1084.2419520783124,0.4120204448699951,True,3,2,46,51,0.6
MILP,0.966,0.0020000000000000018,False,10,464.94661314513627,17,2103.025179506385,383.5213955736634,0.20310544967651367,False,3,2,46,51,0.6
Dijkstra,0.968,0.0,True,8,405.36193643601814,16,2931.610037330388,1084.2419520783124,0.00044832200001110323,True,3,2,46,51,0.6
ILP,0.984,0.0,True,8,405.3619364360182,8,1945.737826053693,988.3616031848961,0.341245174407959,True,3,2,46,51,0.7
MILP,0.982,0.0020000000000000018,False,10,464.9466131451364,9,864.4247812903199,287.6410466802471,0.12677884101867676,False,3,2,46,51,0.7
Dijkstra,0.984,0.0,True,8,405.36193643601814,8,1945.7378260536932,988.3616031848964,0.0003207629997632466,False,3,2,46,51,0.7
ILP,0.994,0.0,True,2,166.23633862352668,3,1479.062367266646,1021.5119669771666,0.1230020523071289,True,3,15,49,12,0.7
MILP,0.976,0.018000000000000016,False,8,429.13089397053307,12,1141.6219208236366,234.2259945028395,0.5697169303894043,False,3,15,49,12,0.7
Dijkstra,0.994,0.0,True,2,166.23633862352668,3,1479.062367266646,1021.5119669771666,0.000385606999770971,True,3,15,49,12,0.7
ILP,0.994,0.0,True,2,166.23633862352673,3,1244.8363727638061,943.4366354762199,0.1849195957183838,True,3,15,49,12,0.8
MILP,0.986,0.008000000000000007,False,8,429.13089397053307,7,411.0936331731434,156.15066300189278,0.44949793815612793,False,3,15,49,12,0.8
Dijkstra,0.994,0.0,True,2,166.23633862352668,3,1244.836372763806,943.4366354762199,0.00032112599910760764,False,3,15,49,12,0.8
ILP,0.998,0.0,True,11,450.75619931751334,1,222.00888940857658,222.00888940857658,0.13334107398986816,True,3,17,35,10,0.9
MILP,0.994,0.0040000000000000036,False,10,487.06012942125534,3,182.88126295035772,105.7203637219684,0.15031027793884277,False,3,17,35,10,0.9
Dijkstra,0.998,0.0,True,11,450.75619931751334,1,222.00888940857658,222.00888940857658,0.00031641099849366583,True,3,17,35,10,0.9
ILP,0.946,0.0,True,8,434.7332630436153,27,5661.71458542147,1155.889407851425,0.43487095832824707,True,3,18,48,44,0.5
MILP,0.912,0.03399999999999992,False,10,494.31793975273337,44,5541.229436664549,462.0879069677867,0.46064043045043945,False,3,18,48,44,0.5
Dijkstra,0.946,0.0,True,8,434.7332630436153,27,5661.71458542147,1155.889407851425,0.0002991439996549161,True,3,18,48,44,0.5
ILP,0.964,0.0,True,8,434.7332630436153,18,3520.7739533410636,1063.4718264578678,0.4223287105560303,True,3,18,48,44,0.6
MILP,0.962,0.0020000000000000018,False,10,494.31793975273337,19,2794.433142016832,369.67032557422954,0.1811215877532959,False,3,18,48,44,0.6
Dijkstra,0.964,0.0,True,8,434.7332630436153,18,3520.7739533410636,1063.4718264578678,0.0003233340012229746,True,3,18,48,44,0.6
ILP,0.996,0.0,True,8,434.7332630436153,2,951.2938869109128,786.2190822771956,0.13239812850952148,True,3,18,48,44,0.9
MILP,0.994,0.0020000000000000018,False,10,494.31793975273337,3,192.88423958182602,92.41758139355738,0.12920498847961426,False,3,18,48,44,0.9
Dijkstra,0.996,0.0,True,8,434.7332630436153,2,951.2938869109128,786.2190822771956,0.00032361600096919574,True,3,18,48,44,0.9
ILP,0.962,0.0,True,2,92.30252471275928,19,2763.201081825935,817.8973117964543,0.549802303314209,True,4,3,33,8,0.5
MILP,0.948,0.014000000000000012,False,3,129.62882279171305,26,1438.2781867911785,212.3188816965825,0.2430579662322998,False,4,3,33,8,0.5
Dijkstra,0.962,0.0,True,2,92.30252471275928,19,2763.201081825935,817.8973117964543,0.00034064999999827705,True,4,3,33,8,0.5
ILP,0.97,0.0,True,7,422.0653083936711,15,2108.4116650157803,397.7502841963875,0.8633613586425781,True,4,5,32,24,0.6
MILP,0.96,0.010000000000000009,False,10,454.24646641643824,20,1656.1470648765714,384.62698661659226,0.584632396697998,False,4,5,32,24,0.6
Dijkstra,0.97,0.0,True,7,422.0653083936711,15,2108.4116650157803,397.7502841963875,0.00030854000033286866,True,4,5,32,24,0.6
ILP,0.954,0.0,True,4,192.58341339715332,23,3403.467631287221,605.8950972112933,-0.12858271598815918,True,4,11,17,41,0.5
MILP,0.92,0.03399999999999992,False,7,249.954429018467,40,2652.964703457258,306.7972327672404,1.0152032375335693,False,4,11,17,41,0.5
Dijkstra,0.954,0.0,True,4,192.58341339715332,23,3403.467631287221,605.8950972112933,0.0003016949995071627,True,4,11,17,41,0.5
ILP,0.974,0.0,True,4,244.37470481577122,13,3685.0311891520532,612.4454744858658,0.6016197204589844,True,4,13,4,63,0.5
MILP,0.946,0.028000000000000025,False,7,338.139690733743,27,2274.7588802082873,442.9929556488173,0.43658900260925293,False,4,13,4,63,0.5
Dijkstra,0.974,0.0,True,4,244.37470481577122,13,3685.0311891520532,612.4454744858658,0.000406615999963833,True,4,13,4,63,0.5
ILP,0.994,0.0,True,5,220.901497626421,3,550.3926139779246,261.6115664605178,0.15334177017211914,True,4,16,32,2,0.7
MILP,0.99,0.0040000000000000036,False,5,288.44330275011197,5,516.5368004600849,245.4282304355777,0.12227392196655273,False,4,16,32,2,0.7
Dijkstra,0.994,0.0,True,5,220.901497626421,3,550.3926139779246,261.6115664605178,0.00031760500132804736,True,4,16,32,2,0.7
ILP,0.962,0.0,True,10,493.6407137695399,19,2457.7844249950476,342.69064607383575,0.9121692180633545,True,5,4,54,29,0.7
MILP,0.95,0.01200000000000001,False,12,509.358408518077,25,2129.3218329204265,369.46356253032013,0.7663836479187012,False,5,4,54,29,0.7
Dijkstra,0.962,0.0,True,10,493.6407137695399,19,2457.7844249950476,342.69064607383575,0.0003094990006502485,True,5,4,54,29,0.7
ILP,0.998,0.0,True,7,333.03260224071636,1,206.8909497248195,206.8909497248195,0.11661076545715332,True,5,5,32,24,0.9
MILP,0.992,0.006000000000000005,False,9,427.99283911794424,4,205.07298639070086,68.66532245400833,0.2939188480377197,False,5,5,32,24,0.9
Dijkstra,0.998,0.0,True,7,333.03260224071636,1,206.8909497248195,206.8909497248195,0.0002903600015997654,True,5,5,32,24,0.9
ILP,0.992,0.0,True,6,231.76656465723056,4,1324.5266846131199,918.8070367536337,0.15056347846984863,True,5,8,35,28,0.7
MILP,0.976,0.016000000000000014,False,11,369.70524504029953,12,1009.7908441710433,253.3861292059072,0.28394103050231934,False,5,8,35,28,0.7
Dijkstra,0.992,0.0,True,6,231.76656465723056,4,1324.5266846131199,918.8070367536337,0.0003073779989790637,True,5,8,35,28,0.7
ILP,0.994,0.0,True,6,231.76656465723056,3,1012.1035507028427,834.3449936849979,0.20310449600219727,True,5,8,35,28,0.8
MILP,0.992,0.0020000000000000018,False,11,369.70524504029953,4,288.2330905749775,168.92408613727162,0.1668400764465332,False,5,8,35,28,0.8
Dijkstra,0.994,0.0,True,6,231.76656465723056,3,1012.1035507028427,834.3449936849979,0.00030309599969768897,True,5,8,35,28,0.8
ILP,0.998,0.0,True,4,205.20640960788484,1,508.7327538854681,508.7327538854681,0.18201780319213867,True,5,11,17,41,0.8
MILP,0.98,0.018000000000000016,False,8,329.2634791426574,10,360.9739297017852,145.47220023193017,0.4646279811859131,False,5,11,17,41,0.8
Dijkstra,0.998,0.0,True,4,205.20640960788484,1,508.7327538854681,508.7327538854681,0.0003014250014530262,True,5,11,17,41,0.8
ILP,0.998,0.0,True,4,205.20640960788484,1,452.4506994134365,452.4506994134365,0.16425037384033203,True,5,11,17,41,0.9
MILP,0.996,0.0020000000000000018,False,8,329.2634791426574,2,96.89442467176752,89.19014575989843,0.37126636505126953,False,5,11,17,41,0.9
Dijkstra,0.998,0.0,True,4,205.20640960788484,1,452.4506994134365,452.4506994134365,0.0003418480009713676,True,5,11,17,41,0.9
ILP,0.994,0.0,True,12,618.8716616500303,3,664.6440773014394,337.7256223512784,0.1163487434387207,True,5,19,26,21,0.7
MILP,0.992,0.0020000000000000018,False,14,639.0163515388062,4,650.7383698333026,288.85999542130867,0.11392903327941895,False,5,19,26,21,0.7
Dijkstra,0.994,0.0,True,12,618.8716616500303,3,664.6440773014394,337.7256223512784,0.0003040200008399552,True,5,19,26,21,0.7
ILP,0.994,0.0,True,12,647.4613255679351,3,578.6864869388189,464.4233014287797,0.1432361602783203,True,6,7,26,53,0.9
MILP,0.992,0.0020000000000000018,False,14,816.2494270307282,4,252.439112536832,91.705698150344,0.10879659652709961,False,6,7,26,53,0.9
Dijkstra,0.994,0.0,True,12,647.4613255679351,3,578.6864869388189,464.4233014287797,0.00037619199974869844,True,6,7,26,53,0.9
ILP,0.998,0.0,True,10,521.2229391973569,1,477.746306852863,477.746306852863,0.08199262619018555,True,6,10,55,53,0.9
MILP,0.994,0.0040000000000000036,False,12,690.0110406601501,3,145.622501985624,93.8781895033801,0.1040182113647461,False,6,10,55,53,0.9
Dijkstra,0.998,0.0,True,10,521.2229391973569,1,477.746306852863,477.746306852863,0.00030083199999353383,True,6,10,55,53,0.9
ILP,0.914,0.0,True,6,425.2357458299316,43,7541.183764015125,633.6446898124075,0.9131302833557129,True,6,12,45,23,0.5
MILP,0.91,0.0040000000000000036,False,8,454.9519111033606,45,7107.944157298754,597.8754721095474,0.5805583000183105,False,6,12,45,23,0.5
Dijkstra,0.914,0.0,True,6,425.2357458299316,43,7541.183764015125,633.6446898124075,0.0003196720008418197,True,6,12,45,23,0.5
ILP,0.888,0.0,True,5,204.62131520689806,56,5046.82719821612,691.8365309888907,0.8884024620056152,True,6,14,44,50,0.5
MILP,0.882,0.006000000000000005,False,6,222.86255776195577,59,2146.95391915457,199.83591128717677,0.22492694854736328,False,6,14,44,50,0.5
Dijkstra,0.888,0.0,True,5,204.62131520689806,56,5046.82719821612,691.8365309888907,0.0003363559990248177,True,6,14,44,50,0.5
ILP,0.91,0.0,True,11,517.620274151426,45,7192.432368666823,633.6393608777491,0.908959150314331,True,6,17,35,10,0.5
MILP,0.89,0.020000000000000018,False,10,564.9815878420044,55,6502.093356614129,470.1282575915684,0.33846116065979004,False,6,17,35,10,0.5
Dijkstra,0.91,0.0,True,11,517.6202741514257,45,7192.432368666816,633.6393608777487,0.00034888200025307015,False,6,17,35,10,0.5
ILP,0.986,0.0,True,8,408.62319141860235,7,908.2095415617272,347.7192480721528,0.29748010635375977,True,7,2,46,51,0.8
MILP,0.98,0.006000000000000005,False,8,437.8150056098193,10,662.4440049301008,130.19328016271675,0.17136240005493164,False,7,2,46,51,0.8
Dijkstra,0.986,0.0,True,8,408.62319141860235,7,908.2095415617272,347.7192480721528,0.00028776600083801895,False,7,2,46,51,0.8
ILP,0.944,0.0,True,4,261.333342965923,28,3876.6570312018757,610.1273764575435,2.290013074874878,True,7,11,17,41,0.5
MILP,0.9299999999999999,0.014000000000000012,False,6,326.6681877609788,35,3349.6335433518307,415.1912668900088,0.679377555847168,False,7,11,17,41,0.5
Dijkstra,0.944,0.0,True,4,261.333342965923,28,3876.6570312018757,610.1273764575435,0.00035063100040133577,True,7,11,17,41,0.5
ILP,0.958,0.0,True,8,378.4580138616202,21,2017.775434860067,406.78617754393485,0.3160367012023926,True,7,18,48,44,0.7
MILP,0.952,0.006000000000000005,False,8,407.64982805283717,24,1900.256718217758,200.2132467644833,0.27257776260375977,False,7,18,48,44,0.7
Dijkstra,0.958,0.0,True,8,378.4580138616202,21,2017.775434860067,406.78617754393485,0.0003077000001212582,True,7,18,48,44,0.7
ILP,0.98,0.0,True,8,378.4580138616202,10,996.4533244192456,340.0484286224404,0.3465564250946045,True,7,18,48,44,0.8
MILP,0.978,0.0020000000000000018,False,8,407.64982805283717,11,733.1415261851101,133.47549784298883,0.19211697578430176,False,7,18,48,44,0.8
Dijkstra,0.98,0.0,True,8,378.4580138616202,10,996.4533244192456,340.0484286224404,0.0003064779994019773,True,7,18,48,44,0.8
ILP,0.992,0.0,True,5,223.22707118629134,4,280.0381861300193,126.96827208494642,0.30045247077941895,True,8,0,34,63,0.8
MILP,0.99,0.0020000000000000018,False,6,246.60258040550852,5,254.8955131509582,138.71157685142964,0.2664144039154053,False,8,0,34,63,0.8
Dijkstra,0.992,0.0,True,5,223.22707118629134,4,280.0381861300193,126.96827208494642,0.00030754099861951545,True,8,0,34,63,0.8
ILP,0.984,0.0,True,2,151.07228400325081,8,1140.4025827846904,324.2082216667271,0.6125442981719971,True,8,3,33,8,0.7
MILP,0.97,0.014000000000000012,False,7,239.5391646411543,15,762.6088724823526,163.15068616803808,0.5583624839782715,False,8,3,33,8,0.7
Dijkstra,0.984,0.0,True,2,151.07228400325081,8,1140.4025827846904,324.2082216667271,0.0002961770005640574,True,8,3,33,8,0.7
ILP,0.994,0.0,True,1,97.41900316085044,3,1680.992800273234,1382.4869528153538,0.09622049331665039,True,8,6,50,41,0.6
MILP,0.992,0.0020000000000000018,False,2,159.84079644884116,4,1054.0315167910535,464.66931651439927,0.1187889575958252,False,8,6,50,41,0.6
Dijkstra,0.994,0.0,True,1,97.41900316085044,3,1680.992800273234,1382.4869528153538,0.00027918299929297063,True,8,6,50,41,0.6
ILP,0.996,0.0,True,1,97.41900316085044,2,1354.6937451362353,1266.3196236867539,0.09296154975891113,True,8,6,50,41,0.7
MILP,0.994,0.0020000000000000018,False,2,159.84079644884116,3,674.1667650876517,348.50198738579945,0.1183009147644043,False,8,6,50,41,0.7
Dijkstra,0.996,0.0,True,1,97.41900316085044,2,1354.6937451362353,1266.3196236867539,0.0003096759992331499,True,8,6,50,41,0.7
ILP,0.998,0.0,True,1,97.41900316085044,1,1150.1522945581542,1150.1522945581542,0.10700106620788574,True,8,6,50,41,0.8
MILP,0.996,0.0020000000000000018,False,2,159.84079644884116,2,330.72474675116405,232.33465825719952,0.11026382446289062,False,8,6,50,41,0.8
Dijkstra,0.998,0.0,True,1,97.41900316085044,1,1150.1522945581542,1150.1522945581542,0.00028052900051989127,True,8,6,50,41,0.8
ILP,0.974,0.0,True,12,651.030836704762,13,3470.8844213277007,1427.151655203715,0.1985795497894287,True,8,7,26,53,0.6
MILP,0.972,0.0020000000000000018,False,13,713.4526299927527,14,3411.5348346925157,588.138966613008,0.11395263671875,False,8,7,26,53,0.6
Dijkstra,0.974,0.0,True,12,651.030836704762,13,3470.8844213277007,1427.151655203715,0.0002985089995490853,True,8,7,26,53,0.6
ILP,0.988,0.0,True,12,651.030836704762,6,2062.7817461991613,1280.1169135504629,0.10756516456604004,True,8,7,26,53,0.7
MILP,0.98,0.008000000000000007,False,13,713.4526299927528,10,1673.2491583443107,441.10422495975627,0.11647701263427734,False,8,7,26,53,0.7
Dijkstra,0.988,0.0,True,12,651.030836704762,6,2062.7817461991613,1280.1169135504629,0.0003024659999937285,True,8,7,26,53,0.7
ILP,0.994,0.0,True,12,651.030836704762,3,1376.244342933228,1133.0821718972106,0.10980963706970215,True,8,7,26,53,0.8
MILP,0.99,0.0040000000000000036,False,13,713.4526299927527,5,481.4676780293464,294.06948330650357,0.1002509593963623,False,8,7,26,53,0.8
Dijkstra,0.994,0.0,True,12,651.030836704762,3,1376.244342933228,1133.0821718972106,0.00032891900082177017,True,8,7,26,53,0.8
ILP,0.998,0.0,True,4,146.32601664455558,1,288.52560951031114,288.52560951031114,0.09677457809448242,True,8,11,17,41,0.9
MILP,0.996,0.0020000000000000018,False,8,465.43467323178726,2,197.91869681404842,132.35472111904073,0.1414351463317871,False,8,11,17,41,0.9
Dijkstra,0.998,0.0,True,4,146.32601664455558,1,288.52560951031114,288.52560951031114,0.0003095159991062246,True,8,11,17,41,0.9
ILP,0.998,0.0,True,2,182.96611438675455,1,228.44632986056104,228.44632986056104,0.09318804740905762,True,8,15,49,12,0.9
MILP,0.994,0.0040000000000000036,False,6,418.84617084658146,3,187.28602151120526,99.3914881637404,0.21550703048706055,False,8,15,49,12,0.9
Dijkstra,0.998,0.0,True,2,182.96611438675455,1,228.44632986056104,228.44632986056104,0.00030452999999397434,True,8,15,49,12,0.9
ILP,0.998,0.0,True,5,270.9689288572192,1,474.4816491696497,474.4816491696497,0.11559271812438965,True,8,16,32,2,0.8
MILP,0.996,0.0020000000000000018,False,5,303.1964857138109,2,390.68182921523976,201.35199679011907,0.13420486450195312,False,8,16,32,2,0.8
Dijkstra,0.998,0.0,True,5,270.9689288572192,1,474.4816491696497,474.4816491696497,0.00030261100073403213,True,8,16,32,2,0.8
ILP,0.998,0.0,True,5,270.9689288572192,1,373.8056507745903,373.8056507745903,0.11346244812011719,True,8,16,32,2,0.9
MILP,0.996,0.0020000000000000018,False,5,343.28232322351795,2,180.50695562111423,118.54396631003033,0.12627124786376953,False,8,16,32,2,0.9
Dijkstra,0.998,0.0,True,5,270.9689288572192,1,373.8056507745903,373.8056507745903,0.0003069100002903724,True,8,16,32,2,0.9
ILP,0.976,0.0,True,12,663.4997370573273,12,2990.9391753768614,1422.2926419904782,0.3452620506286621,True,8,19,26,21,0.7
MILP,0.968,0.008000000000000007,False,13,725.9215303453179,16,2964.1297086784534,393.13651956750914,0.11771249771118164,False,8,19,26,21,0.7
Dijkstra,0.976,0.0,True,12,663.4997370573273,12,2990.9391753768614,1422.2926419904782,0.0003165790003549773,False,8,19,26,21,0.7
ILP,0.988,0.0,True,12,663.4997370573273,6,1898.1396180180807,1291.247135467975,0.18814301490783691,True,8,19,26,21,0.8
MILP,0.982,0.006000000000000005,False,13,725.9215303453179,9,1270.4286515030808,262.0910130450061,0.11827826499938965,False,8,19,26,21,0.8
Dijkstra,0.988,0.0,True,12,663.4997370573273,6,1898.1396180180807,1291.247135467975,0.00031177799974102527,True,8,19,26,21,0.8
ILP,0.992,0.0,True,12,663.4997370573273,4,1323.0870158708026,1160.201628945472,0.3262979984283447,True,8,19,26,21,0.9
MILP,0.99,0.0020000000000000018,False,13,725.9215303453179,5,355.52144800034444,131.04550652250305,0.11656427383422852,False,8,19,26,21,0.9
Dijkstra,0.992,0.0,True,12,663.4997370573273,4,1323.0870158708026,1160.201628945472,0.00030879299993102904,True,8,19,26,21,0.9
ILP,0.998,0.0,True,7,307.2785335199501,1,373.1132808383261,373.1132808383261,0.09566259384155273,True,9,5,32,24,0.9
MILP,0.994,0.0040000000000000036,False,10,514.8894632533343,3,220.03852980043735,100.98837765634471,0.27823519706726074,False,9,5,32,24,0.9
Dijkstra,0.998,0.0,True,7,307.2785335199501,1,373.1132808383261,373.1132808383261,0.00029581600028905086,True,9,5,32,24,0.9
ILP,0.99,0.0,True,2,68.55492022068837,5,323.6167544315088,116.08136885548646,0.10561347007751465,True,9,6,50,41,0.7
MILP,0.982,0.008000000000000007,False,1,98.71183240426315,9,319.748512463862,104.51516629053361,0.10927939414978027,False,9,6,50,41,0.7
Dijkstra,0.99,0.0,True,2,68.55492022068837,5,323.6167544315088,116.08136885548646,0.00030128599973977543,True,9,6,50,41,0.7
ILP,0.998,0.0,True,6,194.65223394281662,1,416.77895307799463,416.77895307799463,0.12249612808227539,True,9,8,35,28,0.9
MILP,0.994,0.0040000000000000036,False,9,526.5149713004499,3,132.3169604074193,87.09196071096108,0.4558250904083252,False,9,8,35,28,0.9
Dijkstra,0.998,0.0,True,6,194.65223394281662,1,416.77895307799463,416.77895307799463,0.00032374799957324285,True,9,8,35,28,0.9
ILP,0.974,0.0,True,11,432.8291576626449,13,2697.7408884296747,753.3342566832814,0.541846513748169,True,9,17,35,10,0.7
MILP,0.964,0.010000000000000009,False,9,508.00484457654903,18,1830.8001050886674,255.39858915029072,0.5382819175720215,False,9,17,35,10,0.7
Dijkstra,0.974,0.0,True,11,432.8291576626449,13,2697.7408884296747,753.3342566832814,0.00033399200037820265,True,9,17,35,10,0.7
