repeat,od_idx,origin,dest,destination,alpha,tau,method,punctuality_prob,correct,objective_gap,tie_aware_correct,late_count,lateness_count,on_time_count,delay_sum,max_delay,path_length,mean_time,path_edges,sample_travel_times,arrival_time_indices,time_step,conclusion,status,reference_available,reference_status,deadline_mode,solve_time,source_od_idx,td_time_steps
0,0,13,35,35,0.5,0.29124068924823887,Yang_OTAP_ILP,0.5,,,,25,25,25,1.0189827687940292,0.15875931075176114,1,0.281,"[(13, 35)]","[0.3  0.25 0.35 0.2  0.35 0.3  0.3  0.3  0.35 0.2  0.2  0.25 0.3  0.25
 0.25 0.25 0.35 0.2  0.25 0.3  0.4  0.25 0.25 0.3  0.2  0.2  0.35 0.4
 0.25 0.35 0.25 0.3  0.25 0.35 0.35 0.25 0.2  0.3  0.3  0.2  0.45 0.2
 0.3  0.3  0.25 0.25 0.2  0.3  0.35 0.25]","[6 5 7 4 7 6 6 6 7 4 4 5 6 5 5 5 7 4 5 6 8 5 5 6 4 4 7 8 5 7 5 6 5 7 7 5 4
 6 6 4 9 4 6 6 5 5 4 6 7 5]",0.05,"Yang_OTAP_ILP found path [(13, 35)] with on-time probability 0.5 under threshold 0.291241; 25/50 samples arrive on time.",Optimal,False,,heuristic,0.40628380899943295,18,9
0,0,13,35,35,0.7,0.3391087985590822,Yang_OTAP_ILP,0.7600000000000001,,,,12,12,38,0.3306944172910138,0.1108912014409178,1,0.281,"[(13, 35)]","[0.3  0.25 0.35 0.2  0.35 0.3  0.3  0.3  0.35 0.2  0.2  0.25 0.3  0.25
 0.25 0.25 0.35 0.2  0.25 0.3  0.4  0.25 0.25 0.3  0.2  0.2  0.35 0.4
 0.25 0.35 0.25 0.3  0.25 0.35 0.35 0.25 0.2  0.3  0.3  0.2  0.45 0.2
 0.3  0.3  0.25 0.25 0.2  0.3  0.35 0.25]","[6 5 7 4 7 6 6 6 7 4 4 5 6 5 5 5 7 4 5 6 8 5 5 6 4 4 7 8 5 7 5 6 5 7 7 5 4
 6 6 4 9 4 6 6 5 5 4 6 7 5]",0.05,"Yang_OTAP_ILP found path [(13, 35)] with on-time probability 0.76 under threshold 0.339109; 38/50 samples arrive on time.",Optimal,False,,heuristic,0.37976259300012316,18,9
0,1,11,24,24,0.5,0.5151446008114952,Yang_OTAP_ILP,0.9400000000000002,,,,3,3,47,0.6545661975655146,0.48485539918850484,1,0.28900000000000003,"[(11, 24)]","[0.25 0.25 0.3  0.2  0.55 0.25 0.3  1.   0.25 0.4  0.35 0.2  0.4  0.25
 0.3  0.45 0.4  0.25 0.15 0.2  0.25 0.15 0.35 0.25 0.3  0.25 0.1  0.35
 0.2  0.45 0.65 0.25 0.3  0.25 0.2  0.45 0.1  0.25 0.25 0.2  0.15 0.1
 0.1  0.2  0.25 0.45 0.2  0.25 0.2  0.3 ]","[ 5  5  6  4 11  5  6 20  5  8  7  4  8  5  6  9  8  5  3  4  5  3  7  5
  6  5  2  7  4  9 13  5  6  5  4  9  2  5  5  4  3  2  2  4  5  9  4  5
  4  6]",0.05,"Yang_OTAP_ILP found path [(11, 24)] with on-time probability 0.94 under threshold 0.515145; 47/50 samples arrive on time.",Optimal,False,,heuristic,1.0958969729999808,19,20
0,1,11,24,24,0.7,0.7010420806723108,Yang_OTAP_ILP,0.9800000000000001,,,,1,1,49,0.2989579193276892,0.2989579193276892,1,0.28900000000000003,"[(11, 24)]","[0.25 0.25 0.3  0.2  0.55 0.25 0.3  1.   0.25 0.4  0.35 0.2  0.4  0.25
 0.3  0.45 0.4  0.25 0.15 0.2  0.25 0.15 0.35 0.25 0.3  0.25 0.1  0.35
 0.2  0.45 0.65 0.25 0.3  0.25 0.2  0.45 0.1  0.25 0.25 0.2  0.15 0.1
 0.1  0.2  0.25 0.45 0.2  0.25 0.2  0.3 ]","[ 5  5  6  4 11  5  6 20  5  8  7  4  8  5  6  9  8  5  3  4  5  3  7  5
  6  5  2  7  4  9 13  5  6  5  4  9  2  5  5  4  3  2  2  4  5  9  4  5
  4  6]",0.05,"Yang_OTAP_ILP found path [(11, 24)] with on-time probability 0.98 under threshold 0.701042; 49/50 samples arrive on time.",Optimal,False,,heuristic,1.553558850000627,19,20
0,2,47,24,24,0.5,0.6580600619659693,Yang_OTAP_ILP,0.56,,,,22,22,28,3.4226786367486755,0.34193993803403067,2,0.667,"[(4, 24), (47, 4)]","[0.6  0.7  0.75 0.7  0.75 0.85 0.6  0.6  1.   0.7  0.55 0.6  0.6  0.6
 0.7  0.55 0.45 0.4  0.4  0.5  0.6  0.7  0.55 0.65 0.6  0.9  0.85 0.6
 1.   0.95 0.45 0.9  0.7  0.6  0.55 0.85 0.55 0.7  0.7  0.6  0.55 0.6
 0.45 0.55 0.7  0.6  1.   0.95 0.85 0.5 ]","[12 14 15 14 15 17 12 12 20 14 11 12 12 12 14 11  9  8  8 10 12 14 11 13
 12 18 17 12 20 19  9 18 14 12 11 17 11 14 14 12 11 12  9 11 14 12 20 19
 17 10]",0.05,"Yang_OTAP_ILP found path [(4, 24), (47, 4)] with on-time probability 0.56 under threshold 0.65806; 28/50 samples arrive on time.",Optimal,False,,heuristic,1.6426404109988653,1,25
0,2,47,24,24,0.7,0.7846479337254131,Yang_OTAP_ILP,0.7800000000000001,,,,11,11,39,1.4688727290204566,0.21535206627458692,2,0.667,"[(4, 24), (47, 4)]","[0.6  0.7  0.75 0.7  0.75 0.85 0.6  0.6  1.   0.7  0.55 0.6  0.6  0.6
 0.7  0.55 0.45 0.4  0.4  0.5  0.6  0.7  0.55 0.65 0.6  0.9  0.85 0.6
 1.   0.95 0.45 0.9  0.7  0.6  0.55 0.85 0.55 0.7  0.7  0.6  0.55 0.6
 0.45 0.55 0.7  0.6  1.   0.95 0.85 0.5 ]","[12 14 15 14 15 17 12 12 20 14 11 12 12 12 14 11  9  8  8 10 12 14 11 13
 12 18 17 12 20 19  9 18 14 12 11 17 11 14 14 12 11 12  9 11 14 12 20 19
 17 10]",0.05,"Yang_OTAP_ILP found path [(4, 24), (47, 4)] with on-time probability 0.78 under threshold 0.784648; 39/50 samples arrive on time.",Optimal,False,,heuristic,1.5915395519987214,1,25
0,3,24,16,16,0.5,1.167951254705093,Yang_OTAP_ILP,0.54,,,,23,23,27,7.737121141782864,0.7320487452949072,7,1.239,"[(3, 16), (8, 64), (24, 41), (31, 3), (41, 56), (56, 8), (64, 31)]","[1.1  1.2  1.85 1.05 1.45 0.9  1.75 1.45 1.4  1.45 1.05 1.35 1.65 1.15
 1.   1.35 0.85 1.8  1.35 0.95 1.25 1.15 1.3  1.55 1.35 0.8  1.15 1.45
 1.15 1.15 1.05 1.1  1.05 1.9  1.3  1.   1.55 1.05 0.95 0.7  1.15 1.
 1.05 1.   1.85 1.65 1.1  1.4  0.95 0.75]","[22 24 37 21 29 18 35 29 28 29 21 27 33 23 20 27 17 36 27 19 25 23 26 31
 27 16 23 29 23 23 21 22 21 38 26 20 31 21 19 14 23 20 21 20 37 33 22 28
 19 15]",0.05,"Yang_OTAP_ILP found path [(3, 16), (8, 64), (24, 41), (31, 3), (41, 56), (56, 8), (64, 31)] with on-time probability 0.54 under threshold 1.16795; 27/50 samples arrive on time.",Optimal,False,,heuristic,7.957907322999745,2,74
0,3,24,16,16,0.7,1.405753193076585,Yang_OTAP_ILP,0.7400000000000001,,,,13,13,37,3.075208490004397,0.49424680692341516,7,1.239,"[(3, 16), (8, 64), (24, 41), (31, 3), (41, 56), (56, 8), (64, 31)]","[1.1  1.2  1.85 1.05 1.45 0.9  1.75 1.45 1.4  1.45 1.05 1.35 1.65 1.15
 1.   1.35 0.85 1.8  1.35 0.95 1.25 1.15 1.3  1.55 1.35 0.8  1.15 1.45
 1.15 1.15 1.05 1.1  1.05 1.9  1.3  1.   1.55 1.05 0.95 0.7  1.15 1.
 1.05 1.   1.85 1.65 1.1  1.4  0.95 0.75]","[22 24 37 21 29 18 35 29 28 29 21 27 33 23 20 27 17 36 27 19 25 23 26 31
 27 16 23 29 23 23 21 22 21 38 26 20 31 21 19 14 23 20 21 20 37 33 22 28
 19 15]",0.05,"Yang_OTAP_ILP found path [(3, 16), (8, 64), (24, 41), (31, 3), (41, 56), (56, 8), (64, 31)] with on-time probability 0.74 under threshold 1.40575; 37/50 samples arrive on time.",Optimal,False,,heuristic,7.077707833001114,2,74
