repeat,od_idx,origin,dest,alpha,method,punctuality_prob,correct,objective_gap,tie_aware_correct,late_count,delay_sum,max_delay,path_length,mean_time,status,reference_available,reference_status,deadline_mode,solve_time
0,0,0,7,0.5,ILP,0.86,True,0.0,True,7,208.54008103986854,86.05162665757264,1,55.228226652190536,Optimal,True,Optimal,heuristic,0.02365392100000463
0,0,0,7,0.5,MILP,0.86,True,0.0,True,7,208.54008103986854,86.05162665757264,1,55.228226652190536,Optimal,True,Optimal,heuristic,0.008204955000110203
0,0,0,7,0.5,Dijkstra,0.86,True,0.0,True,7,208.54008103986854,86.05162665757264,1,55.228226652190536,Optimal,True,Optimal,heuristic,0.00011897400145244319
0,0,0,7,0.7,ILP,0.96,True,0.0,True,2,97.47371597633568,51.630975994543604,1,55.228226652190536,Optimal,True,Optimal,heuristic,0.013623987999380915
0,0,0,7,0.7,MILP,0.96,True,0.0,True,2,97.47371597633568,51.630975994543604,1,55.228226652190536,Optimal,True,Optimal,heuristic,0.013462697999784723
0,0,0,7,0.7,Dijkstra,0.96,True,0.0,True,2,97.47371597633568,51.630975994543604,1,55.228226652190536,Optimal,True,Optimal,heuristic,0.0001298160004807869
0,0,0,7,0.9,ILP,0.96,True,0.0,True,2,28.632414650277468,17.210325331514497,1,55.228226652190536,Optimal,True,Optimal,heuristic,0.01385735000076238
0,0,0,7,0.9,MILP,0.96,True,0.0,True,2,28.632414650277468,17.210325331514497,1,55.228226652190536,Optimal,True,Optimal,heuristic,0.013442297000437975
0,0,0,7,0.9,Dijkstra,0.96,True,0.0,True,2,28.632414650277468,17.210325331514497,1,55.228226652190536,Optimal,True,Optimal,heuristic,0.00011394000102882273
0,1,6,4,0.5,ILP,0.84,True,0.0,True,8,747.8061830424399,222.06362261942695,6,289.0494889131293,Optimal,True,Optimal,heuristic,0.009873555000012857
0,1,6,4,0.5,MILP,0.84,True,0.0,True,8,747.8061830424399,222.06362261942695,6,289.0494889131293,Optimal,True,Optimal,heuristic,0.006403866000255221
0,1,6,4,0.5,Dijkstra,0.84,True,0.0,True,8,747.8061830424399,222.06362261942695,6,289.0494889131293,Optimal,True,Optimal,heuristic,0.0001357910005026497
0,1,6,4,0.7,ILP,0.94,True,0.0,True,3,259.0817825715435,133.23817357165615,6,289.0494889131293,Optimal,True,Optimal,heuristic,0.006679920999886235
0,1,6,4,0.7,MILP,0.94,True,0.0,True,3,259.0817825715435,133.23817357165615,6,289.0494889131293,Optimal,True,Optimal,heuristic,0.007045428001219989
0,1,6,4,0.7,Dijkstra,0.94,True,0.0,True,3,259.0817825715435,133.23817357165615,6,289.0494889131293,Optimal,True,Optimal,heuristic,0.0001177829999505775
0,1,6,4,0.9,ILP,0.96,True,0.0,True,2,72.7217743591724,44.41272452388546,6,289.0494889131293,Optimal,True,Optimal,heuristic,0.009453640999709023
0,1,6,4,0.9,MILP,0.96,True,0.0,True,2,72.7217743591724,44.41272452388546,6,289.0494889131293,Optimal,True,Optimal,heuristic,0.007285236999450717
0,1,6,4,0.9,Dijkstra,0.96,True,0.0,True,2,72.7217743591724,44.41272452388546,6,289.0494889131293,Optimal,True,Optimal,heuristic,0.00012225399950693827
0,2,4,8,0.5,ILP,0.94,True,0.0,True,3,103.5872201774089,60.70949848364283,2,30.110974644654792,Optimal,True,Optimal,heuristic,0.0169797140006267
0,2,4,8,0.5,MILP,0.94,True,0.0,True,3,103.5872201774089,60.70949848364283,2,30.110974644654792,Optimal,True,Optimal,heuristic,0.010671955000361777
0,2,4,8,0.5,Dijkstra,0.94,True,0.0,True,3,103.5872201774089,60.70949848364283,2,30.110974644654792,Optimal,True,Optimal,heuristic,0.00013590699927590322
0,2,4,8,0.7,ILP,0.96,True,0.0,True,2,43.05571758294839,36.4256990901857,2,30.110974644654792,Optimal,True,Optimal,heuristic,0.012744780999128125
0,2,4,8,0.7,MILP,0.96,True,0.0,True,2,43.05571758294839,36.4256990901857,2,30.110974644654792,Optimal,True,Optimal,heuristic,0.015252636998411617
0,2,4,8,0.7,Dijkstra,0.96,True,0.0,True,2,43.05571758294839,36.4256990901857,2,30.110974644654792,Optimal,True,Optimal,heuristic,0.00019057799909205642
0,2,4,8,0.9,ILP,0.98,True,0.0,True,1,12.141899696728572,12.141899696728572,2,30.110974644654792,Optimal,True,Optimal,heuristic,0.01279047800016997
0,2,4,8,0.9,MILP,0.98,True,0.0,True,1,12.141899696728572,12.141899696728572,2,30.110974644654792,Optimal,True,Optimal,heuristic,0.012481073001254117
0,2,4,8,0.9,Dijkstra,0.98,True,0.0,True,1,12.141899696728572,12.141899696728572,2,30.110974644654792,Optimal,True,Optimal,heuristic,0.00014372000077855773
0,3,0,6,0.5,ILP,0.78,True,0.0,True,11,341.2509481901002,91.93904012740965,1,63.789430761901876,Optimal,True,Optimal,heuristic,0.01565058799860708
0,3,0,6,0.5,MILP,0.78,True,0.0,True,11,341.2509481901002,91.93904012740965,1,63.789430761901876,Optimal,True,Optimal,heuristic,0.0072383040005661314
0,3,0,6,0.5,Dijkstra,0.78,True,0.0,True,11,341.2509481901002,91.93904012740965,1,63.789430761901876,Optimal,True,Optimal,heuristic,0.00011100400115537923
0,3,0,6,0.7,ILP,0.92,True,0.0,True,4,86.92795268438076,55.16342407644581,1,63.789430761901876,Optimal,True,Optimal,heuristic,0.021804526000778424
0,3,0,6,0.7,MILP,0.92,True,0.0,True,4,86.92795268438076,55.16342407644581,1,63.789430761901876,Optimal,True,Optimal,heuristic,0.011816729000202031
0,3,0,6,0.7,Dijkstra,0.92,True,0.0,True,4,86.92795268438076,55.16342407644581,1,63.789430761901876,Optimal,True,Optimal,heuristic,0.00012577499910548795
0,3,0,6,0.9,ILP,0.98,True,0.0,True,1,18.387808025481917,18.387808025481917,1,63.789430761901876,Optimal,True,Optimal,heuristic,0.009931709999364102
0,3,0,6,0.9,MILP,0.98,True,0.0,True,1,18.387808025481917,18.387808025481917,1,63.789430761901876,Optimal,True,Optimal,heuristic,0.010855226000785478
0,3,0,6,0.9,Dijkstra,0.98,True,0.0,True,1,18.387808025481917,18.387808025481917,1,63.789430761901876,Optimal,True,Optimal,heuristic,0.00010343099893361796
0,4,2,0,0.5,ILP,0.94,True,0.0,True,3,445.16494740979215,260.40320838397486,4,238.26711308597632,Optimal,True,Optimal,heuristic,0.005390980000811396
0,4,2,0,0.5,MILP,0.94,True,0.0,True,3,445.16494740979215,260.40320838397486,4,238.26711308597632,Optimal,True,Optimal,heuristic,0.005094661000839551
0,4,2,0,0.5,Dijkstra,0.94,True,0.0,True,3,445.16494740979215,260.40320838397486,4,238.26711308597632,Optimal,True,Optimal,heuristic,9.771700024430174e-05
0,4,2,0,0.7,ILP,0.96,True,0.0,True,2,224.36133331303176,156.24192503038495,4,238.26711308597632,Optimal,True,Optimal,heuristic,0.004885636999460985
0,4,2,0,0.7,MILP,0.96,True,0.0,True,2,224.36133331303176,156.24192503038495,4,238.26711308597632,Optimal,True,Optimal,heuristic,0.006353990000206977
0,4,2,0,0.7,Dijkstra,0.96,True,0.0,True,2,224.36133331303176,156.24192503038495,4,238.26711308597632,Optimal,True,Optimal,heuristic,9.246400077245198e-05
0,4,2,0,0.9,ILP,0.98,True,0.0,True,1,52.080641676794926,52.080641676794926,4,238.26711308597632,Optimal,True,Optimal,heuristic,0.005161846000191872
0,4,2,0,0.9,MILP,0.98,True,0.0,True,1,52.080641676794926,52.080641676794926,4,238.26711308597632,Optimal,True,Optimal,heuristic,0.004825318999792216
0,4,2,0,0.9,Dijkstra,0.98,True,0.0,True,1,52.080641676794926,52.080641676794926,4,238.26711308597632,Optimal,True,Optimal,heuristic,0.00012104200141038746
1,0,0,7,0.5,ILP,0.78,True,0.0,True,11,227.82337279195133,49.05725197899852,1,48.91391230861976,Optimal,True,Optimal,heuristic,0.01611976899948786
1,0,0,7,0.5,MILP,0.78,True,0.0,True,11,227.82337279195133,49.05725197899852,1,48.91391230861976,Optimal,True,Optimal,heuristic,0.007553340001322795
1,0,0,7,0.5,Dijkstra,0.78,True,0.0,True,11,227.82337279195133,49.05725197899852,1,48.91391230861976,Optimal,True,Optimal,heuristic,0.00013180099995224737
1,0,0,7,0.7,ILP,0.92,True,0.0,True,4,73.13116315772017,29.434351187399116,1,48.91391230861976,Optimal,True,Optimal,heuristic,0.009184935999655863
1,0,0,7,0.7,MILP,0.92,True,0.0,True,4,73.13116315772017,29.434351187399116,1,48.91391230861976,Optimal,True,Optimal,heuristic,0.006736440000167931
1,0,0,7,0.7,Dijkstra,0.92,True,0.0,True,4,73.13116315772017,29.434351187399116,1,48.91391230861976,Optimal,True,Optimal,heuristic,9.688200043456163e-05
1,0,0,7,0.9,ILP,0.98,True,0.0,True,1,9.811450395799696,9.811450395799696,1,48.91391230861976,Optimal,True,Optimal,heuristic,0.00971416700122063
1,0,0,7,0.9,MILP,0.98,True,0.0,True,1,9.811450395799696,9.811450395799696,1,48.91391230861976,Optimal,True,Optimal,heuristic,0.00980401000015263
1,0,0,7,0.9,Dijkstra,0.98,True,0.0,True,1,9.811450395799696,9.811450395799696,1,48.91391230861976,Optimal,True,Optimal,heuristic,0.0001180340004793834
1,1,6,4,0.5,ILP,0.76,True,0.0,True,12,1368.6974020487958,319.9799632296223,6,405.7814164758271,Optimal,True,Optimal,heuristic,0.008238361000621808
1,1,6,4,0.5,MILP,0.76,True,0.0,True,12,1368.6974020487958,319.9799632296223,6,405.7814164758271,Optimal,True,Optimal,heuristic,0.006168609001178993
1,1,6,4,0.5,Dijkstra,0.76,True,0.0,True,12,1368.6974020487958,319.9799632296223,6,405.7814164758271,Optimal,True,Optimal,heuristic,9.735099956742488e-05
1,1,6,4,0.7,ILP,0.92,True,0.0,True,4,515.1901680387391,258.47201116711483,7,407.7491146495347,Optimal,True,Optimal,heuristic,0.0071448279995820485
1,1,6,4,0.7,MILP,0.92,False,0.0,True,4,393.0785332212588,191.9879779377734,6,405.7814164758271,Optimal,True,Optimal,heuristic,0.006768695999198826
1,1,6,4,0.7,Dijkstra,0.92,False,0.0,True,4,393.0785332212588,191.9879779377734,6,405.7814164758271,Optimal,True,Optimal,heuristic,0.00010849800128198694
1,1,6,4,0.9,ILP,0.96,True,0.0,True,2,146.79234162273974,130.48002587526582,7,407.7491146495347,Optimal,True,Optimal,heuristic,0.007818051000867854
1,1,6,4,0.9,MILP,0.96,False,0.0,True,2,108.41123201202936,63.99599264592439,6,405.7814164758271,Optimal,True,Optimal,heuristic,0.006511612999020144
1,1,6,4,0.9,Dijkstra,0.96,False,0.0,True,2,108.41123201202936,63.99599264592439,6,405.7814164758271,Optimal,True,Optimal,heuristic,0.00011369900130375754
1,2,4,8,0.5,ILP,0.8,True,0.0,True,10,273.72081600895876,102.86473385213063,2,109.09349346181142,Optimal,True,Optimal,heuristic,0.013987122001708485
1,2,4,8,0.5,MILP,0.8,True,0.0,True,10,273.72081600895876,102.86473385213063,2,109.09349346181142,Optimal,True,Optimal,heuristic,0.013282921001518844
1,2,4,8,0.5,Dijkstra,0.8,True,0.0,True,10,273.72081600895876,102.86473385213063,2,109.09349346181142,Optimal,True,Optimal,heuristic,0.00011856600031023845
1,2,4,8,0.7,ILP,0.96,True,0.0,True,2,63.33755520219623,61.7188403112784,2,109.09349346181142,Optimal,True,Optimal,heuristic,0.017993824998484342
1,2,4,8,0.7,MILP,0.96,True,0.0,True,2,63.33755520219623,61.7188403112784,2,109.09349346181142,Optimal,True,Optimal,heuristic,0.01299235700025747
1,2,4,8,0.7,Dijkstra,0.96,True,0.0,True,2,63.33755520219623,61.7188403112784,2,109.09349346181142,Optimal,True,Optimal,heuristic,0.0001091760004783282
1,2,4,8,0.9,ILP,0.98,True,0.0,True,1,20.572946770426114,20.572946770426114,2,109.09349346181142,Optimal,True,Optimal,heuristic,0.015033386000141036
1,2,4,8,0.9,MILP,0.98,True,0.0,True,1,20.572946770426114,20.572946770426114,2,109.09349346181142,Optimal,True,Optimal,heuristic,0.014983486998971784
1,2,4,8,0.9,Dijkstra,0.98,True,0.0,True,1,20.572946770426114,20.572946770426114,2,109.09349346181142,Optimal,True,Optimal,heuristic,0.00011015800009772647
1,3,0,6,0.5,ILP,0.76,True,0.0,True,12,261.4289022734831,68.74721644768394,1,67.40054975608493,Optimal,True,Optimal,heuristic,0.022193004000655492
1,3,0,6,0.5,MILP,0.76,True,0.0,True,12,261.4289022734831,68.74721644768394,1,67.40054975608493,Optimal,True,Optimal,heuristic,0.00677996800004621
1,3,0,6,0.5,Dijkstra,0.76,True,0.0,True,12,261.4289022734831,68.74721644768394,1,67.40054975608493,Optimal,True,Optimal,heuristic,0.00010335799925087485
1,3,0,6,0.7,ILP,0.92,True,0.0,True,4,77.8774789809014,41.24832986861037,1,67.40054975608493,Optimal,True,Optimal,heuristic,0.014702107000630349
1,3,0,6,0.7,MILP,0.92,True,0.0,True,4,77.8774789809014,41.24832986861037,1,67.40054975608493,Optimal,True,Optimal,heuristic,0.012092046001271228
1,3,0,6,0.7,Dijkstra,0.92,True,0.0,True,4,77.8774789809014,41.24832986861037,1,67.40054975608493,Optimal,True,Optimal,heuristic,0.00016510200111952145
1,3,0,6,0.9,ILP,0.98,True,0.0,True,1,13.74944328953677,13.74944328953677,1,67.40054975608493,Optimal,True,Optimal,heuristic,0.008786252999925637
1,3,0,6,0.9,MILP,0.98,True,0.0,True,1,13.74944328953677,13.74944328953677,1,67.40054975608493,Optimal,True,Optimal,heuristic,0.011200611999811372
1,3,0,6,0.9,Dijkstra,0.98,True,0.0,True,1,13.74944328953677,13.74944328953677,1,67.40054975608493,Optimal,True,Optimal,heuristic,0.00015115699898160528
1,4,2,0,0.5,ILP,0.98,True,0.0,True,1,381.24599958657024,381.24599958657024,4,249.5559966105715,Optimal,True,Optimal,heuristic,0.006208082000739523
1,4,2,0,0.5,MILP,0.98,True,0.0,True,1,381.24599958657024,381.24599958657024,4,249.5559966105715,Optimal,True,Optimal,heuristic,0.005579086000579991
1,4,2,0,0.5,Dijkstra,0.98,True,0.0,True,1,381.24599958657024,381.24599958657024,4,249.5559966105715,Optimal,True,Optimal,heuristic,0.00011050200009776745
1,4,2,0,0.7,ILP,0.98,True,0.0,True,1,228.7475997519423,228.7475997519423,4,249.5559966105715,Optimal,True,Optimal,heuristic,0.005325108000761247
1,4,2,0,0.7,MILP,0.98,True,0.0,True,1,228.7475997519423,228.7475997519423,4,249.5559966105715,Optimal,True,Optimal,heuristic,0.004696762000094168
1,4,2,0,0.7,Dijkstra,0.98,True,0.0,True,1,228.7475997519423,228.7475997519423,4,249.5559966105715,Optimal,True,Optimal,heuristic,9.32889997784514e-05
1,4,2,0,0.9,ILP,0.98,True,0.0,True,1,76.24919991731417,76.24919991731417,4,249.5559966105715,Optimal,True,Optimal,heuristic,0.004716388000815641
1,4,2,0,0.9,MILP,0.98,True,0.0,True,1,76.24919991731417,76.24919991731417,4,249.5559966105715,Optimal,True,Optimal,heuristic,0.005668065999998362
1,4,2,0,0.9,Dijkstra,0.98,True,0.0,True,1,76.24919991731417,76.24919991731417,4,249.5559966105715,Optimal,True,Optimal,heuristic,0.00010052700054075103
2,0,0,7,0.5,ILP,0.9,True,0.0,True,5,147.63816959368614,83.25154039583015,1,66.80646058336367,Optimal,True,Optimal,heuristic,0.012949051000759937
2,0,0,7,0.5,MILP,0.9,True,0.0,True,5,147.63816959368614,83.25154039583015,1,66.80646058336367,Optimal,True,Optimal,heuristic,0.006699673000184703
2,0,0,7,0.5,Dijkstra,0.9,True,0.0,True,5,147.63816959368614,83.25154039583015,1,66.80646058336367,Optimal,True,Optimal,heuristic,0.00012573300045914948
2,0,0,7,0.7,ILP,0.96,True,0.0,True,2,62.52777767508118,49.9509242374981,1,66.80646058336367,Optimal,True,Optimal,heuristic,0.008991872000478907
2,0,0,7,0.7,MILP,0.96,True,0.0,True,2,62.52777767508118,49.9509242374981,1,66.80646058336367,Optimal,True,Optimal,heuristic,0.006324200001472491
2,0,0,7,0.7,Dijkstra,0.96,True,0.0,True,2,62.52777767508118,49.9509242374981,1,66.80646058336367,Optimal,True,Optimal,heuristic,0.000119652999273967
2,0,0,7,0.9,ILP,0.98,True,0.0,True,1,16.650308079166024,16.650308079166024,1,66.80646058336367,Optimal,True,Optimal,heuristic,0.00831448300050397
2,0,0,7,0.9,MILP,0.98,True,0.0,True,1,16.650308079166024,16.650308079166024,1,66.80646058336367,Optimal,True,Optimal,heuristic,0.007908257999588386
2,0,0,7,0.9,Dijkstra,0.98,True,0.0,True,1,16.650308079166024,16.650308079166024,1,66.80646058336367,Optimal,True,Optimal,heuristic,0.00010536400077398866
2,1,6,4,0.5,ILP,0.84,True,0.0,True,8,983.0847747360688,513.298799209944,8,391.1229552262627,Optimal,True,Optimal,heuristic,0.007330053000259795
2,1,6,4,0.5,MILP,0.84,True,0.0,True,8,983.0847747360688,513.298799209944,8,391.1229552262627,Optimal,True,Optimal,heuristic,0.006425274999855901
2,1,6,4,0.5,Dijkstra,0.84,True,0.0,True,8,983.0847747360688,513.298799209944,8,391.1229552262627,Optimal,True,Optimal,heuristic,0.00010875899897655472
2,1,6,4,0.7,ILP,0.96,True,0.0,True,2,589.3070871616897,397.08745770825067,8,391.1229552262627,Optimal,True,Optimal,heuristic,0.006946740999410395
2,1,6,4,0.7,MILP,0.92,False,0.039999999999999925,False,4,308.4418259109402,174.31701225254005,7,412.94628550561924,Optimal,True,Optimal,heuristic,0.005542459000935196
2,1,6,4,0.7,Dijkstra,0.96,True,0.0,True,2,589.3070871616897,397.08745770825067,8,391.1229552262627,Optimal,True,Optimal,heuristic,9.114699969359208e-05
2,1,6,4,0.9,ILP,0.98,True,0.0,True,1,131.029224906516,131.029224906516,6,423.8209326194114,Optimal,True,Optimal,heuristic,0.005521369001144194
2,1,6,4,0.9,MILP,0.98,False,0.0,True,1,58.105670750846684,58.105670750846684,7,412.94628550561924,Optimal,True,Optimal,heuristic,0.005623349999950733
2,1,6,4,0.9,Dijkstra,0.96,False,0.020000000000000018,False,2,356.8844041583029,280.8761162065573,8,391.1229552262627,Optimal,True,Optimal,heuristic,0.00010090400064655114
2,2,4,8,0.5,ILP,0.96,True,0.0,True,2,261.08262564502587,212.6341232560985,3,92.52792972446352,Optimal,True,Optimal,heuristic,0.016087522999441717
2,2,4,8,0.5,MILP,0.96,False,0.0,True,2,253.84013652200474,218.1321838651452,4,84.66754960839357,Optimal,True,Optimal,heuristic,0.012875024000095436
2,2,4,8,0.5,Dijkstra,0.96,False,0.0,True,2,253.84013652200474,218.1321838651452,4,84.66754960839357,Optimal,True,Optimal,heuristic,0.0001061570001184009
2,2,4,8,0.7,ILP,0.98,True,0.0,True,1,165.61447008858084,165.61447008858084,4,84.66754960839357,Optimal,True,Optimal,heuristic,0.009633872001359123
2,2,4,8,0.7,MILP,0.98,False,0.0,True,1,160.11640947953413,160.11640947953413,3,92.52792972446352,Optimal,True,Optimal,heuristic,0.018751884999801405
2,2,4,8,0.7,Dijkstra,0.98,True,0.0,True,1,165.61447008858084,165.61447008858084,4,84.66754960839357,Optimal,True,Optimal,heuristic,0.00011869199988723267
2,2,4,8,0.9,ILP,0.98,True,0.0,True,1,113.09675631201651,113.09675631201651,4,84.66754960839357,Optimal,True,Optimal,heuristic,0.01266953999947873
2,2,4,8,0.9,MILP,0.98,False,0.0,True,1,26.258856888282196,26.258856888282196,3,164.11124214855053,Optimal,True,Optimal,heuristic,0.014217174999430426
2,2,4,8,0.9,Dijkstra,0.98,True,0.0,True,1,113.09675631201651,113.09675631201651,4,84.66754960839357,Optimal,True,Optimal,heuristic,0.00011129700033052359
2,3,0,6,0.5,ILP,0.8,True,0.0,True,10,180.72901096074128,53.907393060973675,1,38.27273988655941,Optimal,True,Optimal,heuristic,0.014434220998737146
2,3,0,6,0.5,MILP,0.8,True,0.0,True,10,180.72901096074128,53.907393060973675,1,38.27273988655941,Optimal,True,Optimal,heuristic,0.0066535250007291324
2,3,0,6,0.5,Dijkstra,0.8,True,0.0,True,10,180.72901096074128,53.907393060973675,1,38.27273988655941,Optimal,True,Optimal,heuristic,9.05619999684859e-05
2,3,0,6,0.7,ILP,0.96,True,0.0,True,2,36.239004276722056,32.34443583658421,1,38.27273988655941,Optimal,True,Optimal,heuristic,0.010856005999812623
2,3,0,6,0.7,MILP,0.96,True,0.0,True,2,36.239004276722056,32.34443583658421,1,38.27273988655941,Optimal,True,Optimal,heuristic,0.006343424000078812
2,3,0,6,0.7,Dijkstra,0.96,True,0.0,True,2,36.239004276722056,32.34443583658421,1,38.27273988655941,Optimal,True,Optimal,heuristic,0.00012916900050186086
2,3,0,6,0.9,ILP,0.98,True,0.0,True,1,10.781478612194732,10.781478612194732,1,38.27273988655941,Optimal,True,Optimal,heuristic,0.00932390799971472
2,3,0,6,0.9,MILP,0.98,True,0.0,True,1,10.781478612194732,10.781478612194732,1,38.27273988655941,Optimal,True,Optimal,heuristic,0.005981254000289482
2,3,0,6,0.9,Dijkstra,0.98,True,0.0,True,1,10.781478612194732,10.781478612194732,1,38.27273988655941,Optimal,True,Optimal,heuristic,9.361299999000039e-05
2,4,2,0,0.5,ILP,0.96,True,0.0,True,2,282.95863221586853,248.22828485808452,4,159.3273529876005,Optimal,True,Optimal,heuristic,0.005982308000966441
2,4,2,0,0.5,MILP,0.96,True,0.0,True,2,282.95863221586853,248.22828485808452,4,159.3273529876005,Optimal,True,Optimal,heuristic,0.0051664950005942956
2,4,2,0,0.5,Dijkstra,0.96,True,0.0,True,2,282.95863221586853,248.22828485808452,4,159.3273529876005,Optimal,True,Optimal,heuristic,0.00011907900079677347
2,4,2,0,0.7,ILP,0.98,True,0.0,True,1,148.9369709148508,148.9369709148508,4,159.3273529876005,Optimal,True,Optimal,heuristic,0.0049730869995983085
2,4,2,0,0.7,MILP,0.98,True,0.0,True,1,148.9369709148508,148.9369709148508,4,159.3273529876005,Optimal,True,Optimal,heuristic,0.004780617999131209
2,4,2,0,0.7,Dijkstra,0.98,True,0.0,True,1,148.9369709148508,148.9369709148508,4,159.3273529876005,Optimal,True,Optimal,heuristic,8.762700053921435e-05
2,4,2,0,0.9,ILP,0.98,True,0.0,True,1,49.64565697161697,49.64565697161697,4,159.3273529876005,Optimal,True,Optimal,heuristic,0.005040595000536996
2,4,2,0,0.9,MILP,0.98,True,0.0,True,1,49.64565697161697,49.64565697161697,4,159.3273529876005,Optimal,True,Optimal,heuristic,0.005611848000626196
2,4,2,0,0.9,Dijkstra,0.98,True,0.0,True,1,49.64565697161697,49.64565697161697,4,159.3273529876005,Optimal,True,Optimal,heuristic,0.00010276300054101739
