repeat,od_idx,origin,dest,alpha,method,punctuality_prob,correct,objective_gap,tie_aware_correct,late_count,delay_sum,max_delay,path_length,mean_time,solve_time
0,0,145,507,0.5,ILP,0.6819999999999999,True,0.0,True,159,108.4982383354787,2.6110841257250392,109,10.345360696067734,120.25812315940857
0,0,145,507,0.5,MILP,0.6819999999999999,True,0.0,True,159,108.4982383354787,2.6110841257250392,109,10.345360696067734,12.58896803855896
0,0,145,507,0.5,Dijkstra,0.6819999999999999,True,0.0,True,159,108.4982383354787,2.6110841257250392,109,10.345360696067734,0.0037249999986670446
0,0,145,507,0.7,ILP,0.92,True,0.0,True,40,18.83242684180415,1.566650475435024,109,10.345360696067734,25.06027603149414
0,0,145,507,0.7,MILP,0.92,True,0.0,True,40,18.83242684180415,1.566650475435024,109,10.345360696067734,21.55116033554077
0,0,145,507,0.7,Dijkstra,0.92,True,0.0,True,40,18.83242684180415,1.566650475435024,109,10.345360696067734,0.004230875998473493
0,0,145,507,0.9,ILP,0.994,True,0.0,True,3,0.9899648530225669,0.5222168251450086,109,10.345360696067734,13.403705596923828
0,0,145,507,0.9,MILP,0.994,True,0.0,True,3,0.9899648530225669,0.5222168251450086,109,10.345360696067734,21.0086727142334
0,0,145,507,0.9,Dijkstra,0.994,True,0.0,True,3,0.9899648530225669,0.5222168251450086,109,10.345360696067734,0.003570974000467686
0,1,444,33,0.5,ILP,0.87,True,0.0,True,65,34.9208891377735,2.5843459607208175,34,4.771950097148896,33.681126832962036
0,1,444,33,0.5,MILP,0.87,True,0.0,True,65,34.9208891377735,2.5843459607208175,34,4.771950097148896,2.7958309650421143
0,1,444,33,0.5,Dijkstra,0.87,True,0.0,True,65,34.9208891377735,2.5843459607208175,34,4.771950097148896,0.0025338669984193984
0,1,444,33,0.7,ILP,0.978,True,0.0,True,11,4.354515678418477,1.5506075764324905,34,4.771950097148896,27.11520266532898
0,1,444,33,0.7,MILP,0.978,True,0.0,True,11,4.354515678418477,1.5506075764324905,34,4.771950097148896,6.353434324264526
0,1,444,33,0.7,Dijkstra,0.978,True,0.0,True,11,4.354515678418477,1.5506075764324905,34,4.771950097148896,0.0028606680025404785
0,1,444,33,0.9,ILP,0.998,True,0.0,True,1,0.5168691921441635,0.5168691921441635,34,4.771950097148896,3.516920328140259
0,1,444,33,0.9,MILP,0.998,True,0.0,True,1,0.5168691921441635,0.5168691921441635,34,4.771950097148896,2.8169829845428467
0,1,444,33,0.9,Dijkstra,0.998,True,0.0,True,1,0.5168691921441635,0.5168691921441635,34,4.771950097148896,0.002395088002231205
0,2,143,467,0.5,ILP,0.618,True,0.0,True,191,70.1591546983851,1.4120871054881152,50,3.839717455724466,57.373825550079346
0,2,143,467,0.5,MILP,0.618,True,0.0,True,191,70.1591546983851,1.4120871054881152,50,3.839717455724466,1.9055347442626953
0,2,143,467,0.5,Dijkstra,0.618,True,0.0,True,191,70.1591546983851,1.4120871054881152,50,3.839717455724466,0.004260516001522774
0,2,143,467,0.7,ILP,0.908,True,0.0,True,46,10.753251002469993,0.8472522632928694,50,3.839717455724466,17.605997323989868
0,2,143,467,0.7,MILP,0.908,True,0.0,True,46,10.753251002469993,0.8472522632928694,50,3.839717455724466,3.1610107421875
0,2,143,467,0.7,Dijkstra,0.908,True,0.0,True,46,10.753251002469993,0.8472522632928694,50,3.839717455724466,0.006884078000439331
0,2,143,467,0.9,ILP,0.994,True,0.0,True,3,0.5402766977259494,0.28241742109762313,50,3.839717455724466,13.34423828125
0,2,143,467,0.9,MILP,0.994,True,0.0,True,3,0.5402766977259494,0.28241742109762313,50,3.839717455724466,3.0545530319213867
0,2,143,467,0.9,Dijkstra,0.994,True,0.0,True,3,0.5402766977259494,0.28241742109762313,50,3.839717455724466,0.002863895999325905
0,3,204,148,0.5,ILP,0.836,True,0.0,True,82,78.18122134297383,3.7786123340033804,45,7.531615109049513,60.906882762908936
0,3,204,148,0.5,MILP,0.836,True,0.0,True,82,78.18122134297383,3.7786123340033804,45,7.531615109049513,2.810325860977173
0,3,204,148,0.5,Dijkstra,0.836,True,0.0,True,82,78.18122134297383,3.7786123340033804,45,7.531615109049513,0.0027377280021028128
0,3,204,148,0.7,ILP,0.966,True,0.0,True,17,18.32732175293019,2.2671674004020286,45,7.531615109049513,24.358733415603638
0,3,204,148,0.7,MILP,0.966,True,0.0,True,17,18.32732175293019,2.2671674004020286,45,7.531615109049513,2.834866523742676
0,3,204,148,0.7,Dijkstra,0.966,True,0.0,True,17,18.32732175293019,2.2671674004020286,45,7.531615109049513,0.0027438910001365002
0,3,204,148,0.9,ILP,0.988,True,0.0,True,6,2.398165125744553,0.7557224668006768,45,7.531615109049513,14.150790452957153
0,3,204,148,0.9,MILP,0.988,True,0.0,True,6,2.398165125744553,0.7557224668006768,45,7.531615109049513,2.787371873855591
0,3,204,148,0.9,Dijkstra,0.988,True,0.0,True,6,2.398165125744553,0.7557224668006768,45,7.531615109049513,0.003129050001007272
0,4,377,86,0.5,ILP,0.966,True,0.0,True,17,15.526493118225115,4.301637184363615,31,5.375040055801808,12.676906824111938
0,4,377,86,0.5,MILP,0.966,True,0.0,True,17,15.526493118225115,4.301637184363615,31,5.375040055801808,8.217063903808594
0,4,377,86,0.5,Dijkstra,0.966,True,0.0,True,17,15.526493118225115,4.301637184363615,31,5.375040055801808,0.003374836000148207
0,4,377,86,0.7,ILP,0.996,True,0.0,True,2,3.5493547057968,2.8554811801969358,31,5.375040055801808,4.779791593551636
0,4,377,86,0.7,MILP,0.996,True,0.0,True,2,3.5493547057968,2.8554811801969358,31,5.375040055801808,8.053738355636597
0,4,377,86,0.7,Dijkstra,0.996,True,0.0,True,2,3.5493547057968,2.8554811801969358,31,5.375040055801808,0.004713013000582578
0,4,377,86,0.9,ILP,0.998,True,0.0,True,1,1.8214881260723512,1.8214881260723512,35,6.225392141259276,6.823499917984009
0,4,377,86,0.9,MILP,0.998,False,0.0,True,1,1.409325176030256,1.409325176030256,31,5.375040055801808,8.919352293014526
0,4,377,86,0.9,Dijkstra,0.998,False,0.0,True,1,1.409325176030256,1.409325176030256,31,5.375040055801808,0.0026860840007429942
0,5,478,513,0.5,ILP,0.7700000016440095,True,0.0,True,115,11.46611692687721,0.3568784347808651,26,1.1228396114367027,34.360307693481445
0,5,478,513,0.5,MILP,0.77,True,1.6440094841030373e-09,True,115,11.46611692687721,0.3568784347808651,26,1.1228396114367027,2.761141061782837
0,5,478,513,0.5,Dijkstra,0.77,True,1.6440094841030373e-09,True,115,11.46611692687721,0.3568784347808651,26,1.1228396114367027,0.0022987209995335434
0,5,478,513,0.7,ILP,0.948,True,0.0,True,26,2.193321206764798,0.21412706086851907,26,1.1228396114367027,22.08257222175598
0,5,478,513,0.7,MILP,0.948,True,0.0,True,26,2.193321206764798,0.21412706086851907,26,1.1228396114367027,2.7721755504608154
0,5,478,513,0.7,Dijkstra,0.948,True,0.0,True,26,2.193321206764798,0.21412706086851907,26,1.1228396114367027,0.003242443999624811
0,5,478,513,0.9,ILP,0.992,True,0.0,True,4,0.12407871346712196,0.07137568695617302,26,1.1228396114367027,11.043367147445679
0,5,478,513,0.9,MILP,0.992,True,0.0,True,4,0.12407871346712196,0.07137568695617302,26,1.1228396114367027,2.7283599376678467
0,5,478,513,0.9,Dijkstra,0.992,True,0.0,True,4,0.12407871346712196,0.07137568695617302,26,1.1228396114367027,0.0038498770009027794
0,6,37,166,0.5,ILP,0.716,True,0.0,True,142,86.46008671795553,2.1622148428417525,70,6.664901303506855,62.22021150588989
0,6,37,166,0.5,MILP,0.716,False,0.0,True,142,86.46008671795585,2.162214842841756,70,6.664901303506855,11.715771913528442
0,6,37,166,0.5,Dijkstra,0.716,True,0.0,True,142,86.46008671795553,2.1622148428417525,70,6.664901303506855,0.003244121999159688
0,6,37,166,0.7,ILP,0.92,True,0.0,True,40,16.707328064482095,1.2973289057050517,70,6.664901303506855,19.006633281707764
0,6,37,166,0.7,MILP,0.92,True,0.0,True,40,16.707328064482095,1.2973289057050517,70,6.664901303506855,5.899538993835449
0,6,37,166,0.7,Dijkstra,0.92,True,0.0,True,40,16.707328064482095,1.2973289057050517,70,6.664901303506855,0.003183985001669498
0,6,37,166,0.9,ILP,0.99,True,0.0,True,5,1.453365322990706,0.48427061947318784,74,6.724007451107865,13.288382291793823
0,6,37,166,0.9,MILP,0.99,False,0.0,True,5,1.2241520092142881,0.4324429685683526,70,6.664901303506855,4.044264078140259
0,6,37,166,0.9,Dijkstra,0.99,False,0.0,True,5,1.2241520092142757,0.43244296856835085,70,6.664901303506855,0.005075880999356741
0,7,362,294,0.5,ILP,0.976,True,0.0,True,12,5.519197664467727,1.4499790449991834,39,2.273799881980044,10.629035949707031
0,7,362,294,0.5,MILP,0.976,True,0.0,True,12,5.519197664467727,1.4499790449991834,39,2.273799881980044,3.1134068965911865
0,7,362,294,0.5,Dijkstra,0.976,True,0.0,True,12,5.519197664467727,1.4499790449991834,39,2.273799881980044,0.0028462150003178976
0,7,362,294,0.7,ILP,0.994,True,0.0,True,3,0.9748262251352688,0.86998742699951,39,2.273799881980044,6.1182167530059814
0,7,362,294,0.7,MILP,0.994,True,0.0,True,3,0.9748262251352688,0.86998742699951,39,2.273799881980044,3.040335178375244
0,7,362,294,0.7,Dijkstra,0.994,True,0.0,True,3,0.9748262251352688,0.86998742699951,39,2.273799881980044,0.0034729170001810417
0,7,362,294,0.9,ILP,0.998,True,0.0,True,1,0.2899958089998371,0.2899958089998371,39,2.273799881980044,3.3134875297546387
0,7,362,294,0.9,MILP,0.998,True,0.0,True,1,0.2899958089998371,0.2899958089998371,39,2.273799881980044,3.085737943649292
0,7,362,294,0.9,Dijkstra,0.998,True,0.0,True,1,0.2899958089998371,0.2899958089998371,39,2.273799881980044,0.0025595270017220173
0,8,195,60,0.5,ILP,0.742,True,0.0,True,129,61.545655762022065,1.9734846245706779,85,6.938604932879447,55.441307067871094
0,8,195,60,0.5,MILP,0.742,True,0.0,True,129,61.545655762022065,1.9734846245706779,85,6.938604932879447,2.9302423000335693
0,8,195,60,0.5,Dijkstra,0.742,True,0.0,True,129,61.545655762022065,1.9734846245706779,85,6.938604932879447,0.0037449810006364714
0,8,195,60,0.7,ILP,0.94,True,0.0,True,30,9.814406728177712,1.1840907747424065,85,6.938604932879447,20.6550395488739
0,8,195,60,0.7,MILP,0.94,True,0.0,True,30,9.814406728177712,1.1840907747424065,85,6.938604932879447,3.25338077545166
0,8,195,60,0.7,Dijkstra,0.94,True,0.0,True,30,9.814406728177712,1.1840907747424065,85,6.938604932879447,0.0036928090012224857
0,8,195,60,0.9,ILP,0.996,True,0.0,True,2,0.5802359712012013,0.3946969249141361,85,6.938604932879447,5.192920923233032
0,8,195,60,0.9,MILP,0.996,True,0.0,True,2,0.5802359712012013,0.3946969249141361,85,6.938604932879447,3.606874942779541
0,8,195,60,0.9,Dijkstra,0.996,True,0.0,True,2,0.5802359712012013,0.3946969249141361,85,6.938604932879447,0.0036352770002849866
0,9,510,438,0.5,ILP,0.918,True,0.0,True,41,12.286109472171608,1.4856405211241892,45,2.789661757904856,18.624124765396118
0,9,510,438,0.5,MILP,0.918,True,0.0,True,41,12.286109472171608,1.4856405211241892,45,2.789661757904856,5.5536816120147705
0,9,510,438,0.5,Dijkstra,0.918,True,0.0,True,41,12.286109472171608,1.4856405211241892,45,2.789661757904856,0.0023277039981621783
0,9,510,438,0.7,ILP,0.986,True,0.0,True,7,1.726763390357251,0.8913843126745138,45,2.789661757904856,9.727599620819092
0,9,510,438,0.7,MILP,0.986,True,0.0,True,7,1.726763390357251,0.8913843126745138,45,2.789661757904856,4.808149576187134
0,9,510,438,0.7,Dijkstra,0.986,True,0.0,True,7,1.726763390357251,0.8913843126745138,45,2.789661757904856,0.006399190999218263
0,9,510,438,0.9,ILP,0.998,True,0.0,True,1,0.3151884374229521,0.3151884374229521,47,2.8223535799462525,7.069733619689941
0,9,510,438,0.9,MILP,0.998,False,0.0,True,1,0.2971281042248375,0.2971281042248375,45,2.789661757904856,7.822458267211914
0,9,510,438,0.9,Dijkstra,0.998,False,0.0,True,1,0.2971281042248375,0.2971281042248375,45,2.789661757904856,0.0025225019999197684
1,0,145,507,0.5,ILP,0.846,True,0.0,True,77,59.47595818744369,3.431161052383535,109,10.330145483995457,61.80836272239685
1,0,145,507,0.5,MILP,0.83,False,0.016000000000000014,False,85,51.993605960554085,3.1311937141201636,134,10.506311423189418,15.44353699684143
1,0,145,507,0.5,Dijkstra,0.846,True,0.0,True,77,59.47595818744369,3.431161052383535,109,10.330145483995457,0.003193421998730628
1,0,145,507,0.7,ILP,0.982,True,0.0,True,9,7.741468890532303,1.8787162284720988,134,10.506311423189418,22.486313819885254
1,0,145,507,0.7,MILP,0.976,False,0.006000000000000005,False,12,7.055923448025956,1.997247368927983,115,10.50086275139734,14.378123998641968
1,0,145,507,0.7,Dijkstra,0.964,False,0.018000000000000016,False,18,9.376502074632674,2.1786835667354705,109,10.330145483995457,0.0052865690013277344
1,0,145,507,0.9,ILP,0.996,True,0.0,True,2,0.994440932158394,0.926206081087404,109,10.330145483995457,6.266700744628906
1,0,145,507,0.9,MILP,0.996,False,0.0,True,2,0.7878855730309908,0.6262387428240324,134,10.506311423189418,5.962356805801392
1,0,145,507,0.9,Dijkstra,0.996,True,0.0,True,2,0.994440932158394,0.926206081087404,109,10.330145483995457,0.0058521450009720866
1,1,444,33,0.5,ILP,0.744,True,0.0,True,128,65.36118249484736,2.150609416724823,34,4.824495932142659,42.92245316505432
1,1,444,33,0.5,MILP,0.744,True,0.0,True,128,65.36118249484736,2.150609416724823,34,4.824495932142659,2.8393092155456543
1,1,444,33,0.5,Dijkstra,0.744,True,0.0,True,128,65.36118249484736,2.150609416724823,34,4.824495932142659,0.002377976998104714
1,1,444,33,0.7,ILP,0.95,True,0.0,True,25,9.664709467293926,1.290365650034894,34,4.824495932142659,23.72045111656189
1,1,444,33,0.7,MILP,0.95,True,0.0,True,25,9.664709467293926,1.290365650034894,34,4.824495932142659,4.917361497879028
1,1,444,33,0.7,Dijkstra,0.95,True,0.0,True,25,9.664709467293926,1.290365650034894,34,4.824495932142659,0.0027288119999866467
1,1,444,33,0.9,ILP,0.994,True,0.0,True,3,0.6706882966216208,0.43012188334496404,34,4.824495932142659,13.843561172485352
1,1,444,33,0.9,MILP,0.994,True,0.0,True,3,0.6706882966216208,0.43012188334496404,34,4.824495932142659,2.253697633743286
1,1,444,33,0.9,Dijkstra,0.994,True,0.0,True,3,0.6706882966216208,0.43012188334496404,34,4.824495932142659,0.0024418800021521747
1,2,143,467,0.5,ILP,0.942,True,0.0,True,29,7.649906604181326,1.632561563620933,50,3.838684912477913,18.805458307266235
1,2,143,467,0.5,MILP,0.942,True,0.0,True,29,7.649906604181326,1.632561563620933,50,3.838684912477913,1.7928528785705566
1,2,143,467,0.5,Dijkstra,0.942,True,0.0,True,29,7.649906604181326,1.632561563620933,50,3.838684912477913,0.006968730998778483
1,2,143,467,0.7,ILP,0.996,True,0.0,True,2,1.4294254938467228,0.9841429801433277,54,3.8683099620404406,4.840619802474976
1,2,143,467,0.7,MILP,0.996,False,0.0,True,2,1.429425493846721,0.9841429801433268,54,3.868309962040441,3.508877992630005
1,2,143,467,0.7,Dijkstra,0.996,False,0.0,True,2,1.4340975293596658,0.9795369381725605,50,3.838684912477913,0.0030958989991631825
1,2,143,467,0.9,ILP,0.998,True,0.0,True,1,0.33111835469495343,0.33111835469495343,54,3.8683099620404406,3.593517541885376
1,2,143,467,0.9,MILP,0.998,False,0.0,True,1,0.3265123127241818,0.3265123127241818,50,3.8386849124779183,3.860281467437744
1,2,143,467,0.9,Dijkstra,0.998,False,0.0,True,1,0.32651231272418624,0.32651231272418624,50,3.838684912477913,0.009071349999430822
1,3,204,148,0.5,ILP,0.892,True,0.0,True,54,68.93246845465428,4.698640560776823,45,7.61230844605813,35.65843415260315
1,3,204,148,0.5,MILP,0.892,True,0.0,True,54,68.93246845465428,4.698640560776823,45,7.61230844605813,2.8220059871673584
1,3,204,148,0.5,Dijkstra,0.892,True,0.0,True,54,68.93246845465428,4.698640560776823,45,7.61230844605813,0.0028528260008897632
1,3,204,148,0.7,ILP,0.972,True,0.0,True,14,16.57999790138619,2.819184336466094,45,7.61230844605813,20.817519426345825
1,3,204,148,0.7,MILP,0.972,True,0.0,True,14,16.57999790138619,2.819184336466094,45,7.61230844605813,2.8529930114746094
1,3,204,148,0.7,Dijkstra,0.972,True,0.0,True,14,16.57999790138619,2.819184336466094,45,7.61230844605813,0.002854595000826521
1,3,204,148,0.9,ILP,0.994,True,0.0,True,3,1.7635022538638072,0.9397281121553647,45,7.61230844605813,15.996975660324097
1,3,204,148,0.9,MILP,0.994,True,0.0,True,3,1.7635022538638072,0.9397281121553647,45,7.61230844605813,2.840657949447632
1,3,204,148,0.9,Dijkstra,0.994,True,0.0,True,3,1.7635022538638072,0.9397281121553647,45,7.61230844605813,0.004900646999885794
1,4,377,86,0.5,ILP,0.848,True,0.0,True,76,52.71316741190688,3.2023897882374026,31,5.414834666354914,23.758186101913452
1,4,377,86,0.5,MILP,0.848,True,0.0,True,76,52.71316741190688,3.2023897882374026,31,5.414834666354914,7.709491968154907
1,4,377,86,0.5,Dijkstra,0.848,True,0.0,True,76,52.71316741190688,3.2023897882374026,31,5.414834666354914,0.00231432200234849
1,4,377,86,0.7,ILP,0.97,True,0.0,True,15,9.68661097526789,1.9214338729424414,31,5.414834666354914,18.41789412498474
1,4,377,86,0.7,MILP,0.97,True,0.0,True,15,9.68661097526789,1.9214338729424414,31,5.414834666354914,6.892372369766235
1,4,377,86,0.7,Dijkstra,0.97,True,0.0,True,15,9.68661097526789,1.9214338729424414,31,5.414834666354914,0.0023120549994928297
1,4,377,86,0.9,ILP,0.992,True,0.0,True,4,2.95130722772144,1.253496820663992,35,5.723313299410351,10.900737285614014
1,4,377,86,0.9,MILP,0.992,False,0.0,True,4,1.4861883999833037,0.6404779576474802,31,5.414834666354914,4.554615020751953
1,4,377,86,0.9,Dijkstra,0.992,False,0.0,True,4,1.4861883999833037,0.6404779576474802,31,5.414834666354914,0.0035566469996410888
1,5,478,513,0.5,ILP,0.76,True,0.0,True,120,11.3893942918162,0.38545277796807054,26,1.1190027197784524,44.44154071807861
1,5,478,513,0.5,MILP,0.76,True,0.0,True,120,11.3893942918162,0.38545277796807054,26,1.1190027197784524,3.0091919898986816
1,5,478,513,0.5,Dijkstra,0.76,True,0.0,True,120,11.3893942918162,0.38545277796807054,26,1.1190027197784524,0.03593330899821012
1,5,478,513,0.7,ILP,0.958,True,0.0,True,21,1.50296679516258,0.23127166678084232,26,1.1190027197784524,16.802857637405396
1,5,478,513,0.7,MILP,0.958,True,0.0,True,21,1.50296679516258,0.23127166678084232,26,1.1190027197784524,2.8382599353790283
1,5,478,513,0.7,Dijkstra,0.958,True,0.0,True,21,1.50296679516258,0.23127166678084232,26,1.1190027197784524,0.0027251169994997326
1,5,478,513,0.9,ILP,0.994,True,0.0,True,3,0.11530340703658148,0.07709055559361411,26,1.1190027197784524,6.658634662628174
1,5,478,513,0.9,MILP,0.994,True,0.0,True,3,0.11530340703658148,0.07709055559361411,26,1.1190027197784524,2.807298183441162
1,5,478,513,0.9,Dijkstra,0.994,True,0.0,True,3,0.11530340703658148,0.07709055559361411,26,1.1190027197784524,0.002603124001325341
1,6,37,166,0.5,ILP,0.902,True,0.0,True,49,28.783706767763565,2.617263564814743,70,6.6402269406200585,35.111785650253296
1,6,37,166,0.5,MILP,0.902,True,0.0,True,49,28.783706767763565,2.617263564814743,70,6.6402269406200585,4.657020330429077
1,6,37,166,0.5,Dijkstra,0.902,True,0.0,True,49,28.783706767763565,2.617263564814743,70,6.6402269406200585,0.003217621000658255
1,6,37,166,0.7,ILP,0.986,True,0.0,True,7,4.386988487869221,1.570358138888846,70,6.6402269406200585,14.801047325134277
1,6,37,166,0.7,MILP,0.986,True,0.0,True,7,4.386988487869221,1.570358138888846,70,6.6402269406200585,3.1661410331726074
1,6,37,166,0.7,Dijkstra,0.986,True,0.0,True,7,4.386988487869221,1.570358138888846,70,6.6402269406200585,0.003964243998780148
1,6,37,166,0.9,ILP,0.996,True,0.0,True,2,0.7903447491205497,0.523452712962948,70,6.640226940620059,2.4552218914031982
1,6,37,166,0.9,MILP,0.996,False,0.0,True,2,0.7903447491205462,0.5234527129629463,70,6.640226940620056,3.3464717864990234
1,6,37,166,0.9,Dijkstra,0.996,False,0.0,True,2,0.7903447491205497,0.523452712962948,70,6.6402269406200585,0.02627261400266434
1,7,362,294,0.5,ILP,0.798,True,0.0,True,101,23.80783672587374,0.9670805009639136,39,2.2781163729285234,43.87393307685852
1,7,362,294,0.5,MILP,0.798,True,0.0,True,101,23.80783672587374,0.9670805009639136,39,2.2781163729285234,3.149564266204834
1,7,362,294,0.5,Dijkstra,0.798,True,0.0,True,101,23.80783672587374,0.9670805009639136,39,2.2781163729285234,0.002456779999192804
1,7,362,294,0.7,ILP,0.956,True,0.0,True,22,3.8090855736390594,0.5802483005783485,39,2.2781163729285234,9.786478519439697
1,7,362,294,0.7,MILP,0.956,True,0.0,True,22,3.8090855736390594,0.5802483005783485,39,2.2781163729285234,3.1456868648529053
1,7,362,294,0.7,Dijkstra,0.956,True,0.0,True,22,3.8090855736390594,0.5802483005783485,39,2.2781163729285234,0.004215306998958113
1,7,362,294,0.9,ILP,0.996,True,0.0,True,2,0.3459114426467602,0.19341610019278255,39,2.2781163729285234,3.9373714923858643
1,7,362,294,0.9,MILP,0.996,True,0.0,True,2,0.3459114426467602,0.19341610019278255,39,2.2781163729285234,3.1179251670837402
1,7,362,294,0.9,Dijkstra,0.996,True,0.0,True,2,0.3459114426467602,0.19341610019278255,39,2.2781163729285234,0.00241121699946234
1,8,195,60,0.5,ILP,0.846,True,0.0,True,77,49.84927362501925,2.5062938858561257,85,6.928772381068735,32.185890436172485
1,8,195,60,0.5,MILP,0.846,True,0.0,True,77,49.84927362501925,2.5062938858561257,85,6.928772381068735,3.3955538272857666
1,8,195,60,0.5,Dijkstra,0.846,True,0.0,True,77,49.84927362501925,2.5062938858561257,85,6.928772381068735,0.0034490480029489845
1,8,195,60,0.7,ILP,0.968,True,0.0,True,16,8.499108692920398,1.5037763315136754,85,6.928772381068735,24.865000009536743
1,8,195,60,0.7,MILP,0.968,True,0.0,True,16,8.499108692920398,1.5037763315136754,85,6.928772381068735,4.239238739013672
1,8,195,60,0.7,Dijkstra,0.968,True,0.0,True,16,8.499108692920398,1.5037763315136754,85,6.928772381068735,0.0030718000016349833
1,8,195,60,0.9,ILP,0.996,True,0.0,True,2,1.0765486295562887,0.5583052905081711,87,6.976708936070427,17.025266647338867
1,8,195,60,0.9,MILP,0.996,False,0.0,True,2,0.9674661932523243,0.5012587771712251,85,6.928772381068734,7.4248292446136475
1,8,195,60,0.9,Dijkstra,0.996,False,0.0,True,2,0.9674661932523243,0.5012587771712251,85,6.928772381068735,0.0037066100012452807
1,9,510,438,0.5,ILP,0.848,True,0.0,True,76,21.568599947123186,1.1490197007585898,45,2.7973893816835447,16.67841386795044
1,9,510,438,0.5,MILP,0.848,True,0.0,True,76,21.568599947123186,1.1490197007585898,45,2.7973893816835447,6.087889671325684
1,9,510,438,0.5,Dijkstra,0.848,True,0.0,True,76,21.568599947123186,1.1490197007585898,45,2.7973893816835447,0.0028027240005030762
1,9,510,438,0.7,ILP,0.972,True,0.0,True,14,3.173694679136598,0.6894118204551543,45,2.7973893816835447,21.38434076309204
1,9,510,438,0.7,MILP,0.972,True,0.0,True,14,3.173694679136598,0.6894118204551543,45,2.7973893816835447,6.592049598693848
1,9,510,438,0.7,Dijkstra,0.972,True,0.0,True,14,3.173694679136598,0.6894118204551543,45,2.7973893816835447,0.002785730997857172
1,9,510,438,0.9,ILP,0.996,True,0.0,True,2,0.3436931709268558,0.2298039401517178,45,2.7973893816835447,11.796688795089722
1,9,510,438,0.9,MILP,0.996,True,0.0,True,2,0.3436931709268558,0.2298039401517178,45,2.7973893816835447,4.552668809890747
1,9,510,438,0.9,Dijkstra,0.996,True,0.0,True,2,0.3436931709268558,0.2298039401517178,45,2.7973893816835447,0.002433216999634169
2,0,145,507,0.5,ILP,0.8180000000000001,True,0.0,True,91,77.01011975809709,3.2458872938994503,109,10.30890648226803,120.26779699325562
2,0,145,507,0.5,MILP,0.8180000000000001,True,0.0,True,91,77.01011975809709,3.2458872938994503,109,10.30890648226803,15.933138608932495
2,0,145,507,0.5,Dijkstra,0.8180000000000001,True,0.0,True,91,77.01011975809709,3.2458872938994503,109,10.30890648226803,0.0037364089985203464
2,0,145,507,0.7,ILP,0.97,True,0.0,True,15,10.685246125834519,2.7593578008742643,115,10.482878803981663,20.613934993743896
2,0,145,507,0.7,MILP,0.964,False,0.006000000000000005,False,18,8.725217005519381,2.0655426279069484,134,10.474071466005018,16.618266344070435
2,0,145,507,0.7,Dijkstra,0.966,False,0.0040000000000000036,False,17,15.08002459021599,1.9475323763396712,109,10.30890648226803,0.0036796239983232226
2,0,145,507,0.9,ILP,0.998,True,0.0,True,1,0.8061943789653956,0.8061943789653956,136,10.507294800707387,4.22760272026062
2,0,145,507,0.9,MILP,0.998,False,0.0,True,1,0.7671877103471676,0.7671877103471676,134,10.474071466005018,6.082031726837158
2,0,145,507,0.9,Dijkstra,0.99,False,0.008000000000000007,False,5,1.545568369392397,0.6491774587798904,109,10.30890648226803,0.0041761899992707185
2,1,444,33,0.5,ILP,0.946,True,0.0,True,27,12.268957689958787,2.745588740401411,34,4.7655558063994325,22.537582397460938
2,1,444,33,0.5,MILP,0.946,True,0.0,True,27,12.268957689958787,2.745588740401411,34,4.7655558063994325,3.7314584255218506
2,1,444,33,0.5,Dijkstra,0.946,True,0.0,True,27,12.268957689958787,2.745588740401411,34,4.7655558063994325,0.0037723559980804566
2,1,444,33,0.7,ILP,0.996,True,0.0,True,2,2.4828803111828446,1.647353244240847,34,4.7655558063994325,3.890399694442749
2,1,444,33,0.7,MILP,0.996,True,0.0,True,2,2.4828803111828446,1.647353244240847,34,4.7655558063994325,6.025558948516846
2,1,444,33,0.7,Dijkstra,0.996,True,0.0,True,2,2.4828803111828446,1.647353244240847,34,4.7655558063994325,0.005350788000214379
2,1,444,33,0.9,ILP,0.998,True,0.0,True,1,0.5491177480802829,0.5491177480802829,34,4.7655558063994325,3.589149236679077
2,1,444,33,0.9,MILP,0.998,True,0.0,True,1,0.5491177480802829,0.5491177480802829,34,4.7655558063994325,3.663323402404785
2,1,444,33,0.9,Dijkstra,0.998,True,0.0,True,1,0.5491177480802829,0.5491177480802829,34,4.7655558063994325,0.002519744997698581
2,2,143,467,0.5,ILP,0.694,True,0.0,True,153,48.86235323765787,1.2272399347552305,50,3.830981892631018,83.75783896446228
2,2,143,467,0.5,MILP,0.694,True,0.0,True,153,48.86235323765787,1.2272399347552305,50,3.830981892631018,3.1816189289093018
2,2,143,467,0.5,Dijkstra,0.694,True,0.0,True,153,48.86235323765787,1.2272399347552305,50,3.830981892631018,0.0026781140004459303
2,2,143,467,0.7,ILP,0.9139999988123719,True,0.0,True,44,6.49350468880213,0.7363439608531381,50,3.830981892631018,16.698973178863525
2,2,143,467,0.7,MILP,0.912,True,0.001999998812371895,True,44,6.49350468880213,0.7363439608531381,50,3.830981892631018,3.2351009845733643
2,2,143,467,0.7,Dijkstra,0.912,True,0.001999998812371895,True,44,6.49350468880213,0.7363439608531381,50,3.830981892631018,0.004914904002362164
2,2,143,467,0.9,ILP,0.994,True,0.0,True,3,0.33273195367399566,0.2537606417785421,54,3.8634499451884996,11.029643058776855
2,2,143,467,0.9,MILP,0.994,False,0.0,True,3,0.28753374207694904,0.24544798695104575,50,3.830981892631018,3.2199060916900635
2,2,143,467,0.9,Dijkstra,0.994,False,0.0,True,3,0.28753374207694904,0.24544798695104575,50,3.830981892631018,0.005485197001689812
2,3,204,148,0.5,ILP,0.9,True,0.0,True,50,56.196773059712065,4.653828302520353,45,7.525492036322432,33.92529892921448
2,3,204,148,0.5,MILP,0.9,True,0.0,True,50,56.196773059712065,4.653828302520353,45,7.525492036322432,1.2758166790008545
2,3,204,148,0.5,Dijkstra,0.9,True,0.0,True,50,56.196773059712065,4.653828302520353,45,7.525492036322432,0.0036550709992297925
2,3,204,148,0.7,ILP,0.98,True,0.0,True,10,12.69703683067237,2.7922969815122123,45,7.525492036322432,23.254132747650146
2,3,204,148,0.7,MILP,0.98,True,0.0,True,10,12.69703683067237,2.7922969815122123,45,7.525492036322432,2.8653926849365234
2,3,204,148,0.7,Dijkstra,0.98,True,0.0,True,10,12.69703683067237,2.7922969815122123,45,7.525492036322432,0.0027196000010007992
2,3,204,148,0.9,ILP,0.996,True,0.0,True,2,0.9328581604601531,0.930765660504072,45,7.525492036322432,3.995633840560913
2,3,204,148,0.9,MILP,0.996,True,0.0,True,2,0.9328581604601531,0.930765660504072,45,7.525492036322432,2.8717234134674072
2,3,204,148,0.9,Dijkstra,0.996,True,0.0,True,2,0.9328581604601531,0.930765660504072,45,7.525492036322432,0.005005823000828968
2,4,377,86,0.5,ILP,0.8260000000000001,True,0.0,True,87,63.35898425378706,3.0617742277990647,31,5.439790472672098,22.82032084465027
2,4,377,86,0.5,MILP,0.8260000000000001,True,0.0,True,87,63.35898425378706,3.0617742277990647,31,5.439790472672098,9.152960062026978
2,4,377,86,0.5,Dijkstra,0.8260000000000001,True,0.0,True,87,63.35898425378706,3.0617742277990647,31,5.439790472672098,0.0026588940017973073
2,4,377,86,0.7,ILP,0.964,True,0.0,True,18,11.974488728091345,1.8456046354177653,33,5.449739494723644,23.021111726760864
2,4,377,86,0.7,MILP,0.964,False,0.0,True,18,11.783616439609865,1.8370645366794394,31,5.439790472672098,4.523420810699463
2,4,377,86,0.7,Dijkstra,0.964,False,0.0,True,18,11.783616439609865,1.8370645366794394,31,5.439790472672098,0.0026292599977750797
2,4,377,86,0.9,ILP,0.994,True,0.0,True,3,1.5608525341588741,0.612354845559814,31,5.439790472672098,15.89513611793518
2,4,377,86,0.9,MILP,0.994,True,0.0,True,3,1.5608525341588741,0.612354845559814,31,5.439790472672098,3.7601318359375
2,4,377,86,0.9,Dijkstra,0.994,True,0.0,True,3,1.5608525341588741,0.612354845559814,31,5.439790472672098,0.005044944999099243
2,5,478,513,0.5,ILP,0.857999998602636,True,0.0,True,72,7.128677423278118,0.405103617208328,26,1.1286388598444792,37.145047426223755
2,5,478,513,0.5,MILP,0.856,True,0.0019999986026359995,True,72,7.128677423278118,0.405103617208328,26,1.1286388598444792,3.407792091369629
2,5,478,513,0.5,Dijkstra,0.856,True,0.0019999986026359995,True,72,7.128677423278118,0.405103617208328,26,1.1286388598444792,0.032472556002176134
2,5,478,513,0.7,ILP,0.978,True,0.0,True,11,1.0625314364885168,0.24306217032499688,26,1.1286388598444792,20.940730571746826
2,5,478,513,0.7,MILP,0.978,True,0.0,True,11,1.0625314364885168,0.24306217032499688,26,1.1286388598444792,1.2827847003936768
2,5,478,513,0.7,Dijkstra,0.978,True,0.0,True,11,1.0625314364885168,0.24306217032499688,26,1.1286388598444792,0.003324081000755541
2,5,478,513,0.9,ILP,0.998,True,0.0,True,1,0.08102072344166555,0.08102072344166555,26,1.1286388598444792,3.5076394081115723
2,5,478,513,0.9,MILP,0.998,True,0.0,True,1,0.08102072344166555,0.08102072344166555,26,1.1286388598444792,2.8519933223724365
2,5,478,513,0.9,Dijkstra,0.998,True,0.0,True,1,0.08102072344166555,0.08102072344166555,26,1.1286388598444792,0.0033147250032925513
2,6,37,166,0.5,ILP,0.86,True,0.0,True,70,42.33606524882808,3.0865168619589447,70,6.611361881620886,30.64279007911682
2,6,37,166,0.5,MILP,0.86,True,0.0,True,70,42.33606524882808,3.0865168619589447,70,6.611361881620886,5.996883392333984
2,6,37,166,0.5,Dijkstra,0.86,True,0.0,True,70,42.33606524882808,3.0865168619589447,70,6.611361881620886,0.003273027999966871
2,6,37,166,0.7,ILP,0.982,True,0.0,True,9,6.346209899076584,1.8519101171753682,70,6.611361881620886,14.32486629486084
2,6,37,166,0.7,MILP,0.982,True,0.0,True,9,6.346209899076584,1.8519101171753682,70,6.611361881620886,3.503713607788086
2,6,37,166,0.7,Dijkstra,0.982,True,0.0,True,9,6.346209899076584,1.8519101171753682,70,6.611361881620886,0.0034674700000323355
2,6,37,166,0.9,ILP,0.998,True,0.0,True,1,0.6173033723917882,0.6173033723917882,70,6.611361881620886,3.582418441772461
2,6,37,166,0.9,MILP,0.998,True,0.0,True,1,0.6173033723917882,0.6173033723917882,70,6.611361881620886,4.663632869720459
2,6,37,166,0.9,Dijkstra,0.998,True,0.0,True,1,0.6173033723917882,0.6173033723917882,70,6.611361881620886,0.024345179001102224
2,7,362,294,0.5,ILP,0.944,True,0.0,True,28,7.251119021560596,1.5231174126557727,39,2.268466415494413,12.57405948638916
2,7,362,294,0.5,MILP,0.944,True,0.0,True,28,7.251119021560596,1.5231174126557727,39,2.268466415494413,3.2146553993225098
2,7,362,294,0.5,Dijkstra,0.944,True,0.0,True,28,7.251119021560596,1.5231174126557727,39,2.268466415494413,0.0026285040003131144
2,7,362,294,0.7,ILP,0.998,True,0.0,True,1,0.9138704475934638,0.9138704475934638,39,2.268466415494413,3.402186155319214
2,7,362,294,0.7,MILP,0.998,True,0.0,True,1,0.9138704475934638,0.9138704475934638,39,2.268466415494413,3.2806761264801025
2,7,362,294,0.7,Dijkstra,0.998,True,0.0,True,1,0.9138704475934638,0.9138704475934638,39,2.268466415494413,0.003915692999726161
2,7,362,294,0.9,ILP,0.998,True,0.0,True,1,0.304623482531154,0.304623482531154,39,2.268466415494413,3.4197349548339844
2,7,362,294,0.9,MILP,0.998,True,0.0,True,1,0.304623482531154,0.304623482531154,39,2.268466415494413,3.428335428237915
2,7,362,294,0.9,Dijkstra,0.998,True,0.0,True,1,0.304623482531154,0.304623482531154,39,2.268466415494413,0.0030317300006572623
2,8,195,60,0.5,ILP,0.868,True,0.0,True,66,39.37527699504731,2.932196308754601,85,6.891736087002874,20.468109369277954
2,8,195,60,0.5,MILP,0.868,True,0.0,True,66,39.37527699504731,2.932196308754601,85,6.891736087002874,1.914008378982544
2,8,195,60,0.5,Dijkstra,0.868,True,0.0,True,66,39.37527699504731,2.932196308754601,85,6.891736087002874,0.0038652539988106582
2,8,195,60,0.7,ILP,0.982,True,0.0,True,9,4.214550351025446,1.7593177852527617,85,6.891736087002874,21.804908990859985
2,8,195,60,0.7,MILP,0.982,True,0.0,True,9,4.214550351025446,1.7593177852527617,85,6.891736087002874,4.980468034744263
2,8,195,60,0.7,Dijkstra,0.982,True,0.0,True,9,4.214550351025446,1.7593177852527617,85,6.891736087002874,0.02432924599997932
2,8,195,60,0.9,ILP,0.998,True,0.0,True,1,0.58643926175092,0.58643926175092,85,6.891736087002874,3.77931809425354
2,8,195,60,0.9,MILP,0.998,True,0.0,True,1,0.58643926175092,0.58643926175092,85,6.891736087002874,3.7413859367370605
2,8,195,60,0.9,Dijkstra,0.998,True,0.0,True,1,0.58643926175092,0.58643926175092,85,6.891736087002874,0.0031908359997032676
2,9,510,438,0.5,ILP,0.8140000000000001,True,0.0,True,93,19.503822015128616,0.967607539324697,45,2.786191106968069,27.859382390975952
2,9,510,438,0.5,MILP,0.8140000000000001,True,0.0,True,93,19.503822015128616,0.967607539324697,45,2.786191106968069,8.381725072860718
2,9,510,438,0.5,Dijkstra,0.8140000000000001,True,0.0,True,93,19.503822015128616,0.967607539324697,45,2.786191106968069,0.0037704099995607976
2,9,510,438,0.7,ILP,0.974,True,0.0,True,13,2.9620596177988254,0.580564523594818,45,2.786191106968069,16.61272144317627
2,9,510,438,0.7,MILP,0.968,False,0.006000000000000005,False,16,2.5274711824563485,0.7048706274218546,50,2.802087313194829,3.5092265605926514
2,9,510,438,0.7,Dijkstra,0.974,True,0.0,True,13,2.9620596177988254,0.580564523594818,45,2.786191106968069,0.003475721998256631
2,9,510,438,0.9,ILP,0.996,True,0.0,True,2,0.2865623862730806,0.19352150786493905,45,2.786191106968069,5.415577411651611
2,9,510,438,0.9,MILP,0.996,True,0.0,True,2,0.2865623862730806,0.19352150786493905,45,2.786191106968069,3.133615255355835
2,9,510,438,0.9,Dijkstra,0.996,True,0.0,True,2,0.2865623862730806,0.19352150786493905,45,2.786191106968069,0.0032573330026934855
